clip_date,date_source,date_text,song_name,song_name_source,artist,clip_kind,chapter_title,clip_title,clip_url,clip_bvid,uploader,duration,source_query,duplicate_key,duplicate_status,duplicate_of,collected_at,notes
2026-09-08,collection-title,2026-09-08,（区）最终祈愿,chapter-title,平行四界Quadimension、星尘,collection,,"07_（区）最终祈愿 - 平行四界Quadimension, 星尘",https://www.bilibili.com/video/BV1qfYJ6gEm8/?p=7,BV1qfYJ6gEm8,桐人今天睡大觉,,,2026-09-08::（区）最终祈愿,primary,,2026-09-09T00:25:18.027Z,UP主 57249810 的 2026.09.08 歌切合集章节
2026-09-08,collection-title,2026-09-08,純白の花～Under Divine Gaze,chapter-title,不凋花project,collection,,13_純白の花～Under Divine Gaze - 不凋花project,https://www.bilibili.com/video/BV1qfYJ6gEm8/?p=13,BV1qfYJ6gEm8,桐人今天睡大觉,,,2026-09-08::純白の花～Under Divine Gaze,primary,,2026-09-09T00:25:18.027Z,UP主 57249810 的 2026.09.08 歌切合集章节
2026-09-08,collection-title,2026-09-08,告别曲（Love Elegia Ver.）,chapter-title,阿良良木健、洛天依,collection,,"06_告别曲（Love Elegia Ver.） - 阿良良木健, 洛天依",https://www.bilibili.com/video/BV1qfYJ6gEm8/?p=6,BV1qfYJ6gEm8,桐人今天睡大觉,,,2026-09-08::告别曲（Love Elegia Ver.）,primary,,2026-09-09T00:25:18.027Z,UP主 57249810 的 2026.09.08 歌切合集章节
2026-09-08,collection-title,2026-09-08,给自己的情书,chapter-title,王菲,collection,,09_给自己的情书 - 王菲,https://www.bilibili.com/video/BV1qfYJ6gEm8/?p=9,BV1qfYJ6gEm8,桐人今天睡大觉,,,2026-09-08::给自己的情书,primary,,2026-09-09T00:25:18.027Z,UP主 57249810 的 2026.09.08 歌切合集章节
2026-09-08,collection-title,2026-09-08,花头台,chapter-title,洛天依,collection,,24_花头台 - 洛天依,https://www.bilibili.com/video/BV1qfYJ6gEm8/?p=24,BV1qfYJ6gEm8,桐人今天睡大觉,,,2026-09-08::花头台,primary,,2026-09-09T00:25:18.027Z,UP主 57249810 的 2026.09.08 歌切合集章节
2026-09-08,collection-title,2026-09-08,绝体绝命,chapter-title,阿良良木健、洛天依Official,collection,,"05_绝体绝命 - 阿良良木健, 洛天依Official",https://www.bilibili.com/video/BV1qfYJ6gEm8/?p=5,BV1qfYJ6gEm8,桐人今天睡大觉,,,2026-09-08::绝体绝命,primary,,2026-09-09T00:25:18.027Z,UP主 57249810 的 2026.09.08 歌切合集章节
2026-09-08,collection-title,2026-09-08,凉雨,chapter-title,COP、洛天依Official,collection,,"27_凉雨 - COP, 洛天依Official",https://www.bilibili.com/video/BV1qfYJ6gEm8/?p=27,BV1qfYJ6gEm8,桐人今天睡大觉,,,2026-09-08::凉雨,primary,,2026-09-09T00:25:18.027Z,UP主 57249810 的 2026.09.08 歌切合集章节
2026-09-08,collection-title,2026-09-08,泸沽寻梦,chapter-title,银临,collection,,01_瀘沽寻梦 - 银临,https://www.bilibili.com/video/BV1qfYJ6gEm8/?p=1,BV1qfYJ6gEm8,桐人今天睡大觉,,,2026-09-08::泸沽寻梦,primary,,2026-09-09T00:25:18.027Z,UP主 57249810 的 2026.09.08 歌切合集章节
2026-09-08,collection-title,2026-09-08,奶水,chapter-title,Mili,collection,,15_奶水 - Mili,https://www.bilibili.com/video/BV1qfYJ6gEm8/?p=15,BV1qfYJ6gEm8,桐人今天睡大觉,,,2026-09-08::奶水,primary,,2026-09-09T00:25:18.027Z,UP主 57249810 的 2026.09.08 歌切合集章节
2026-09-08,collection-title,2026-09-08,溺水金鱼,chapter-title,漆柚,collection,,17_溺水金鱼 - 漆柚,https://www.bilibili.com/video/BV1qfYJ6gEm8/?p=17,BV1qfYJ6gEm8,桐人今天睡大觉,,,2026-09-08::溺水金鱼,primary,,2026-09-09T00:25:18.027Z,UP主 57249810 的 2026.09.08 歌切合集章节
2026-09-08,collection-title,2026-09-08,牵丝戏,chapter-title,银临、Aki阿杰,collection,,"03_牵丝戏 - 银临, Aki阿杰",https://www.bilibili.com/video/BV1qfYJ6gEm8/?p=3,BV1qfYJ6gEm8,桐人今天睡大觉,,,2026-09-08::牵丝戏,primary,,2026-09-09T00:25:18.027Z,UP主 57249810 的 2026.09.08 歌切合集章节
2026-09-08,collection-title,2026-09-08,若梦境来袭,chapter-title,Kevinz、Creuzer、言和,collection,,"28_若梦境来袭 - Kevinz, Creuzer, 言和",https://www.bilibili.com/video/BV1qfYJ6gEm8/?p=28,BV1qfYJ6gEm8,桐人今天睡大觉,,,2026-09-08::若梦境来袭,primary,,2026-09-09T00:25:18.027Z,UP主 57249810 的 2026.09.08 歌切合集章节
2026-09-08,collection-title,2026-09-08,三千世界鸦杀尽,chapter-title,洛天依Official,collection,,25_三千世界鸦杀尽 - 洛天依Official,https://www.bilibili.com/video/BV1qfYJ6gEm8/?p=25,BV1qfYJ6gEm8,桐人今天睡大觉,,,2026-09-08::三千世界鸦杀尽,primary,,2026-09-09T00:25:18.027Z,UP主 57249810 的 2026.09.08 歌切合集章节
2026-09-08,collection-title,2026-09-08,生死一舞的爱语,chapter-title,平行四界Quadimension、星尘,collection,,"26_生死一舞的爱语 - 平行四界Quadimension, 星尘",https://www.bilibili.com/video/BV1qfYJ6gEm8/?p=26,BV1qfYJ6gEm8,桐人今天睡大觉,,,2026-09-08::生死一舞的爱语,primary,,2026-09-09T00:25:18.027Z,UP主 57249810 的 2026.09.08 歌切合集章节
2026-09-08,collection-title,2026-09-08,世末积雨云,chapter-title,洛天依Official,collection,,12_世末积雨云 - 洛天依Official,https://www.bilibili.com/video/BV1qfYJ6gEm8/?p=12,BV1qfYJ6gEm8,桐人今天睡大觉,,,2026-09-08::世末积雨云,primary,,2026-09-09T00:25:18.027Z,UP主 57249810 的 2026.09.08 歌切合集章节
2026-09-08,collection-title,2026-09-08,兔子先生,chapter-title,陈秋桦、洛天依,collection,,"16_兔子先生 - 陈秋桦, 洛天依",https://www.bilibili.com/video/BV1qfYJ6gEm8/?p=16,BV1qfYJ6gEm8,桐人今天睡大觉,,,2026-09-08::兔子先生,primary,,2026-09-09T00:25:18.027Z,UP主 57249810 的 2026.09.08 歌切合集章节
2026-09-08,collection-title,2026-09-08,小雨,chapter-title,黄龄,collection,,08_小雨 - 黄龄,https://www.bilibili.com/video/BV1qfYJ6gEm8/?p=8,BV1qfYJ6gEm8,桐人今天睡大觉,,,2026-09-08::小雨,primary,,2026-09-09T00:25:18.027Z,UP主 57249810 的 2026.09.08 歌切合集章节
2026-09-08,collection-title,2026-09-08,悬捱,chapter-title,星尘,collection,,14_悬捱 - 星尘,https://www.bilibili.com/video/BV1qfYJ6gEm8/?p=14,BV1qfYJ6gEm8,桐人今天睡大觉,,,2026-09-08::悬捱,primary,,2026-09-09T00:25:18.027Z,UP主 57249810 的 2026.09.08 歌切合集章节
2026-09-08,collection-title,2026-09-08,阳山绝,chapter-title,平行四界Quadimension、洛天依Official、乐正绫、Soda纯白,collection,,"23_阳山绝 - 平行四界Quadimension,乐正绫,Soda纯白",https://www.bilibili.com/video/BV1qfYJ6gEm8/?p=23,BV1qfYJ6gEm8,桐人今天睡大觉,,,2026-09-08::阳山绝,primary,,2026-09-09T00:25:18.027Z,UP主 57249810 的 2026.09.08 歌切合集章节
2026-09-08,collection-title,2026-09-08,夜宴风波,chapter-title,音阙诗听、王梓钰,collection,,"02_夜宴风波 - 音阙诗听, 王梓钰",https://www.bilibili.com/video/BV1qfYJ6gEm8/?p=2,BV1qfYJ6gEm8,桐人今天睡大觉,,,2026-09-08::夜宴风波,primary,,2026-09-09T00:25:18.027Z,UP主 57249810 的 2026.09.08 歌切合集章节
2026-09-08,collection-title,2026-09-08,一花依世界,chapter-title,洛天依Official,collection,,04_一花依世界 - 洛天依Official,https://www.bilibili.com/video/BV1qfYJ6gEm8/?p=4,BV1qfYJ6gEm8,桐人今天睡大觉,,,2026-09-08::一花依世界,primary,,2026-09-09T00:25:18.027Z,UP主 57249810 的 2026.09.08 歌切合集章节
2026-09-08,collection-title,2026-09-08,樱花草,chapter-title,Sweety,collection,,11_樱花草 - Sweety,https://www.bilibili.com/video/BV1qfYJ6gEm8/?p=11,BV1qfYJ6gEm8,桐人今天睡大觉,,,2026-09-08::樱花草,primary,,2026-09-09T00:25:18.027Z,UP主 57249810 的 2026.09.08 歌切合集章节
2026-09-08,video-description-live-date,2026-09-08,中华墨水娘,standalone-video-title,洛天依Official、Soda纯白,single,,『中华墨水娘』！中华少女系列连唱之一！【小松绿Viridis】,https://www.bilibili.com/video/BV165YJ6gEUy/,BV165YJ6gEUy,小冬青Virid1s,03:29,B站搜索 小松绿 中华墨水娘,2026-09-08::中华墨水娘,primary,,2026-09-09T16:16:12.976Z,用户提供独立歌切并与视频标题、简介中的曲名交叉核对；用于更正桐人合集同名章节误标
2026-09-08,video-description-live-date,2026-09-08,中华铄金娘,standalone-video-title,洛天依Official、Soda纯白,single,,『中华铄金娘』！中华少女系列连唱之五！【小松绿Viridis】,https://www.bilibili.com/video/BV1ceYE6BEPo/,BV1ceYE6BEPo,小冬青Virid1s,04:54,B站搜索 小松绿 中华铄金娘,2026-09-08::中华铄金娘,primary,,2026-09-09T16:16:12.976Z,通过B站独立歌切标题与简介交叉核对；恢复此前因合集同名误标而漏录的真实《中华铄金娘》
2026-09-08,collection-title,2026-09-08,中华缘木娘,chapter-title,洛天依Official,collection,,20_中华缘木娘 - 洛天依Official - 洛天依Official,https://www.bilibili.com/video/BV1qfYJ6gEm8/?p=20,BV1qfYJ6gEm8,桐人今天睡大觉,,,2026-09-08::中华缘木娘,primary,,2026-09-09T00:25:18.027Z,UP主 57249810 的 2026.09.08 歌切合集章节
2026-09-08,collection-title,2026-09-08,中华粘土娘 (Album Version),chapter-title,洛天依Official、Soda纯白,collection,,"21_中华粘土娘 (Album Version) - 洛天依Official, Soda纯白",https://www.bilibili.com/video/BV1qfYJ6gEm8/?p=21,BV1qfYJ6gEm8,桐人今天睡大觉,,,2026-09-08::中华粘土娘 (Album Version),primary,,2026-09-09T00:25:18.027Z,UP主 57249810 的 2026.09.08 歌切合集章节
2026-09-08,collection-title,2026-09-08,中华烛火娘 (原版),chapter-title,洛天依Official、Soda纯白,collection,,"19_中华烛火娘 (原版) - 洛天依Official, Soda纯白",https://www.bilibili.com/video/BV1qfYJ6gEm8/?p=19,BV1qfYJ6gEm8,桐人今天睡大觉,,,2026-09-08::中华烛火娘 (原版),primary,,2026-09-09T00:25:18.027Z,UP主 57249810 的 2026.09.08 歌切合集章节
2026-09-08,collection-title,2026-09-08,灼之花,chapter-title,洛天依Official、乐正绫,collection,,"10_灼之花 - 洛天依Official, 乐正绫",https://www.bilibili.com/video/BV1qfYJ6gEm8/?p=10,BV1qfYJ6gEm8,桐人今天睡大觉,,,2026-09-08::灼之花,primary,,2026-09-09T00:25:18.027Z,UP主 57249810 的 2026.09.08 歌切合集章节
2026-09-08,collection-title,2026-09-08,Say a Good Bye,chapter-title,Kevinz、星尘、言和、洛天依,collection,,"29_（卡了）Say a Good Bye - Kevinz, 星尘, 言和,洛天依",https://www.bilibili.com/video/BV1qfYJ6gEm8/?p=29,BV1qfYJ6gEm8,桐人今天睡大觉,,,2026-09-08::Say a Good Bye,primary,,2026-09-09T00:25:18.027Z,UP主 57249810 的 2026.09.08 歌切合集章节
2026-09-03,collection-title-date,2026.09.03,别找我麻烦,collection-chapter-title,蔡健雅,collection-chapter,P3 别找我麻烦,【小松绿Viridis】随便唱唱的歌回 歌切合集 2026.09.03,https://www.bilibili.com/video/BV1ihtf6PEG3/?p=3,BV1ihtf6PEG3,桐人今天睡大觉,04:11,桐人今天睡大觉 2026.09.03 歌切合集（space 最新投稿定位）,2026-09-03::别找我麻烦,primary,,2026-09-04T00:00:00.000Z,蔡健雅《说到爱》专辑经典（Bossanova 风）。
2026-09-03,collection-title-date,2026.09.03,东风志,collection-chapter-title,银临,collection-chapter,P6 东风志,【小松绿Viridis】随便唱唱的歌回 歌切合集 2026.09.03,https://www.bilibili.com/video/BV1ihtf6PEG3/?p=6,BV1ihtf6PEG3,桐人今天睡大觉,04:38,桐人今天睡大觉 2026.09.03 歌切合集（space 最新投稿定位）,2026-09-03::东风志,primary,,2026-09-04T00:00:00.000Z,歌切分P标注 cover Aki阿杰；Aki阿杰 2016-06-09《东风志》（银临与慕寒亦有合作版）→ 本场演唱为银临版。
2026-09-03,collection-title-date,2026.09.03,腐草为萤,collection-chapter-title,银临,collection-chapter,P10 腐草为萤,【小松绿Viridis】随便唱唱的歌回 歌切合集 2026.09.03,https://www.bilibili.com/video/BV1ihtf6PEG3/?p=10,BV1ihtf6PEG3,桐人今天睡大觉,04:38,桐人今天睡大觉 2026.09.03 歌切合集（space 最新投稿定位）,2026-09-03::腐草为萤,primary,,2026-09-04T00:00:00.000Z,银临 2013 古风名曲。
2026-09-03,collection-title-date,2026.09.03,花の塔,collection-chapter-title,さユり,collection-chapter,P18 花の塔,【小松绿Viridis】随便唱唱的歌回 歌切合集 2026.09.03,https://www.bilibili.com/video/BV1ihtf6PEG3/?p=18,BV1ihtf6PEG3,桐人今天睡大觉,04:42,桐人今天睡大觉 2026.09.03 歌切合集（space 最新投稿定位）,2026-09-03::花の塔,primary,,2026-09-04T00:00:00.000Z,さユり《Lycoris Recoil》ED。
2026-09-03,collection-title-date,2026.09.03,焦糖星,collection-chapter-title,,collection-chapter,P8 焦糖星,【小松绿Viridis】随便唱唱的歌回 歌切合集 2026.09.03,https://www.bilibili.com/video/BV1ihtf6PEG3/?p=8,BV1ihtf6PEG3,桐人今天睡大觉,03:55,桐人今天睡大觉 2026.09.03 歌切合集（space 最新投稿定位）,2026-09-03::焦糖星,primary,,2026-09-04T00:00:00.000Z,歌切分P无歌手标注；网易云同名为「焦糖星」有 X Studio洛天依（忆零）版、warma 人声本家（作曲味素/词大九_LN，日文初音本家 av30963867、诗岸赤羽SV中文本家 av56433925）→ 版本待复核。
2026-09-03,collection-title-date,2026.09.03,偏食,collection-chapter-title,香椎モイミ / 初音ミク,collection-chapter,P15 偏食,【小松绿Viridis】随便唱唱的歌回 歌切合集 2026.09.03,https://www.bilibili.com/video/BV1ihtf6PEG3/?p=15,BV1ihtf6PEG3,桐人今天睡大觉,03:43,桐人今天睡大觉 2026.09.03 歌切合集（space 最新投稿定位）,2026-09-03::偏食,primary,,2026-09-04T00:00:00.000Z,已在库（song 29，2026-08-11 收录），本日复唱补 segment。
2026-09-03,collection-title-date,2026.09.03,如果有来生,collection-chapter-title,谭维维,collection-chapter,P21 如果有来生,【小松绿Viridis】随便唱唱的歌回 歌切合集 2026.09.03,https://www.bilibili.com/video/BV1ihtf6PEG3/?p=21,BV1ihtf6PEG3,桐人今天睡大觉,04:05,桐人今天睡大觉 2026.09.03 歌切合集（space 最新投稿定位）,2026-09-03::如果有来生,primary,,2026-09-04T00:00:00.000Z,弹幕歌词窗 02:53:12-02:55:02（「以前人们在四月开始收获/如果有来生」）；谭维维 2010 经典。
2026-09-03,collection-title-date,2026.09.03,深夜诗人,collection-chapter-title,洛天依 / 言和 / ilem,collection-chapter,P11 深夜诗人,【小松绿Viridis】随便唱唱的歌回 歌切合集 2026.09.03,https://www.bilibili.com/video/BV1ihtf6PEG3/?p=11,BV1ihtf6PEG3,桐人今天睡大觉,05:43,桐人今天睡大觉 2026.09.03 歌切合集（space 最新投稿定位）,2026-09-03::深夜诗人,primary,,2026-09-04T00:00:00.000Z,ilem 2016 VOCALOID 中文原创，洛天依/言和演唱。
2026-09-03,collection-title-date,2026.09.03,十万个春天,collection-chapter-title,娅娅酱 / 洛天依,collection-chapter,P9 十万个春天,【小松绿Viridis】随便唱唱的歌回 歌切合集 2026.09.03,https://www.bilibili.com/video/BV1ihtf6PEG3/?p=9,BV1ihtf6PEG3,桐人今天睡大觉,03:02,桐人今天睡大觉 2026.09.03 歌切合集（space 最新投稿定位）,2026-09-03::十万个春天,primary,,2026-09-04T00:00:00.000Z,弹幕歌词窗 01:12:57-01:14:10（「十万个春天在我心中」）；网易云：娅娅酱/洛天依《十万个春天》。
2026-09-03,collection-title-date,2026.09.03,食虫植物,collection-chapter-title,理芽,collection-chapter,P20 食虫植物,【小松绿Viridis】随便唱唱的歌回 歌切合集 2026.09.03,https://www.bilibili.com/video/BV1ihtf6PEG3/?p=20,BV1ihtf6PEG3,桐人今天睡大觉,02:42,桐人今天睡大觉 2026.09.03 歌切合集（space 最新投稿定位）,2026-09-03::食虫植物,primary,,2026-09-04T00:00:00.000Z,已在库（song 32，2026-08-11 收录），本日复唱补 segment；理芽(KAMITSUBAKI) 2021《NEW ROMANCER》。
2026-09-03,collection-title-date,2026.09.03,她追逐着月光的尽头,collection-chapter-title,石榴皮_ / 诗岸,collection-chapter,P7 她追逐着月光的尽头,【小松绿Viridis】随便唱唱的歌回 歌切合集 2026.09.03,https://www.bilibili.com/video/BV1ihtf6PEG3/?p=7,BV1ihtf6PEG3,桐人今天睡大觉,03:48,桐人今天睡大觉 2026.09.03 歌切合集（space 最新投稿定位）,2026-09-03::她追逐着月光的尽头,primary,,2026-09-04T00:00:00.000Z,石榴皮_ 与诗岸（SV）2020《月光入侵计划》收录。
2026-09-03,collection-title-date,2026.09.03,铁花飞 中文版,collection-chapter-title,时光罅隙间,collection-chapter,P12 铁花飞 中文版,【小松绿Viridis】随便唱唱的歌回 歌切合集 2026.09.03,https://www.bilibili.com/video/BV1ihtf6PEG3/?p=12,BV1ihtf6PEG3,桐人今天睡大觉,04:20,桐人今天睡大觉 2026.09.03 歌切合集（space 最新投稿定位）,2026-09-03::铁花飞 中文版,primary,,2026-09-04T00:00:00.000Z,歌切分P标注「铁花飞 中文版 - 时光罅隙间」；原曲 Mili/塞壬唱片-MSR《铁花飞》（明日方舟EP，2026-02）。
2026-09-03,collection-title-date,2026.09.03,小半,collection-chapter-title,陈粒,collection-chapter,P4 小半,【小松绿Viridis】随便唱唱的歌回 歌切合集 2026.09.03,https://www.bilibili.com/video/BV1ihtf6PEG3/?p=4,BV1ihtf6PEG3,桐人今天睡大觉,04:58,桐人今天睡大觉 2026.09.03 歌切合集（space 最新投稿定位）,2026-09-03::小半,primary,,2026-09-04T00:00:00.000Z,陈粒《小梦大半》专辑曲。
2026-09-03,collection-title-date,2026.09.03,小丑的品格,collection-chapter-title,泠鸢yousa,collection-chapter,P5 小丑的品格,【小松绿Viridis】随便唱唱的歌回 歌切合集 2026.09.03,https://www.bilibili.com/video/BV1ihtf6PEG3/?p=5,BV1ihtf6PEG3,桐人今天睡大觉,04:30,桐人今天睡大觉 2026.09.03 歌切合集（space 最新投稿定位）,2026-09-03::小丑的品格,primary,,2026-09-04T00:00:00.000Z,泠鸢yousa《茜色诗集》(2016) 收录曲（歌切分P标题含专辑名）。
2026-09-03,collection-title-date,2026.09.03,有点甜,collection-chapter-title,汪苏泷 / By2,collection-chapter,P2 有点甜,【小松绿Viridis】随便唱唱的歌回 歌切合集 2026.09.03,https://www.bilibili.com/video/BV1ihtf6PEG3/?p=2,BV1ihtf6PEG3,桐人今天睡大觉,03:52,桐人今天睡大觉 2026.09.03 歌切合集（space 最新投稿定位）,2026-09-03::有点甜,primary,,2026-09-04T00:00:00.000Z,汪苏泷与By2对唱甜歌。
2026-09-03,collection-title-date,2026.09.03,浴槽とネオンテトラ,collection-chapter-title,REISAI（feat. v flower）,collection-chapter,P14 浴槽とネオンテトラ,【小松绿Viridis】随便唱唱的歌回 歌切合集 2026.09.03,https://www.bilibili.com/video/BV1ihtf6PEG3/?p=14,BV1ihtf6PEG3,桐人今天睡大觉,06:27,桐人今天睡大觉 2026.09.03 歌切合集（space 最新投稿定位）,2026-09-03::浴槽とネオンテトラ,primary,,2026-09-04T00:00:00.000Z,弹幕歌词窗 01:57:26-02:05:03（浴缸/热带鱼/Darling）；Vocaloid Lyrics Wiki：宛然サカナ/Yopi/REISAI feat. flower，2021-01-02 投稿。歌切分P标注 dongdang（Cover 名）待复核。
2026-09-03,collection-title-date,2026.09.03,只对你有感觉,collection-chapter-title,飞轮海 / 田馥甄,collection-chapter,P1 只对你有感觉,【小松绿Viridis】随便唱唱的歌回 歌切合集 2026.09.03,https://www.bilibili.com/video/BV1ihtf6PEG3/?p=1,BV1ihtf6PEG3,桐人今天睡大觉,02:33,桐人今天睡大觉 2026.09.03 歌切合集（space 最新投稿定位）,2026-09-03::只对你有感觉,primary,,2026-09-04T00:00:00.000Z,飞轮海与田馥甄对唱经典（电视剧《东方茱丽叶》插曲）。
2026-09-03,collection-title-date,2026.09.03,"Fly, My Wings",collection-chapter-title,Mili,collection-chapter,"P13 Fly, My Wings",【小松绿Viridis】随便唱唱的歌回 歌切合集 2026.09.03,https://www.bilibili.com/video/BV1ihtf6PEG3/?p=13,BV1ihtf6PEG3,桐人今天睡大觉,03:14,桐人今天睡大觉 2026.09.03 歌切合集（space 最新投稿定位）,"2026-09-03::Fly, My Wings",primary,,2026-09-04T00:00:00.000Z,Mili 乐团曲；原曲出处待复核（网易云单曲/八音盒版可见）。
2026-09-03,collection-title-date,2026.09.03,March of Time,collection-chapter-title,Aimer,collection-chapter,P16 March of Time,【小松绿Viridis】随便唱唱的歌回 歌切合集 2026.09.03,https://www.bilibili.com/video/BV1ihtf6PEG3/?p=16,BV1ihtf6PEG3,桐人今天睡大觉,01:48,桐人今天睡大觉 2026.09.03 歌切合集（space 最新投稿定位）,2026-09-03::March of Time,primary,,2026-09-04T00:00:00.000Z,"Aimer《BEST SELECTION ""blanc""》(2017) 收录。"
2026-09-03,collection-title-date,2026.09.03,あなたに出会わなければ~夏雪冬花~,collection-chapter-title,Aimer,collection-chapter,P17 あなたに出会わなければ~夏雪冬花~,【小松绿Viridis】随便唱唱的歌回 歌切合集 2026.09.03,https://www.bilibili.com/video/BV1ihtf6PEG3/?p=17,BV1ihtf6PEG3,桐人今天睡大觉,02:14,桐人今天睡大觉 2026.09.03 歌切合集（space 最新投稿定位）,2026-09-03::あなたに出会わなければ~夏雪冬花~,primary,,2026-09-04T00:00:00.000Z,弹幕歌词窗 02:10:56-02:13:59（「无可替代的季节/想在你身边一同欢笑」+「AIMER有品/老公」刷屏）；Aimer《絶園のテンペスト》ED 相关名曲。
2026-09-03,collection-title-date,2026.09.03,ミカヅキ,collection-chapter-title,さユり,collection-chapter,P19 ミカヅキ,【小松绿Viridis】随便唱唱的歌回 歌切合集 2026.09.03,https://www.bilibili.com/video/BV1ihtf6PEG3/?p=19,BV1ihtf6PEG3,桐人今天睡大觉,04:26,桐人今天睡大觉 2026.09.03 歌切合集（space 最新投稿定位）,2026-09-03::ミカヅキ,primary,,2026-09-04T00:00:00.000Z,さユり《乱步奇谭》ED。
2026-08-29,cut-pubdate-match,2026-08-29,阿拉斯加海湾,clip-title,,single,,上天啊 你难道不知道我很爱她【小松绿Viridis】阿拉斯加海湾,https://www.bilibili.com/video/BV1JX4y6fEpy/,BV1JX4y6fEpy,小冬青Viridis,03:58,小松绿Viridis 歌切/突击的随便唱（20260829 检索定位）,2026-08-29::阿拉斯加海湾,primary,,2026-08-29T09:21:12.913Z,切片，2026-08-29 14:59 发布。菲道尔（Firdhaus）2020 原唱。弹幕 00:48-00:52「阿拉斯加海湾来了」佐证。
2026-08-29,collection-title-date,2026年08月29日,初恋日記,collection-chapter-title,香椎モイミ / 音街鳗,collection-chapter,P5 初恋日記,【小松绿Viridis】20260829 歌切,https://www.bilibili.com/video/BV1gm4C65Ey6/?p=5,BV1gm4C65Ey6,心灵火Flame,03:10,心灵火Flame 08-29 全场合集（搜索定位）,2026-08-29::初恋日記,primary,,2026-08-29T11:30:00.000Z,萌百核实：香椎モイミ 2022-09-17 投稿的 VOCALOID 日语原创曲，音街鳗（音街ウナ）演唱。
2026-08-29,collection-title-date,2026年08月29日,临川浮梦,collection-chapter-title,忘川风华录 / 赤羽、星尘,collection-chapter,P6 临川浮梦,【小松绿Viridis】20260829 歌切,https://www.bilibili.com/video/BV1gm4C65Ey6/?p=6,BV1gm4C65Ey6,心灵火Flame,03:59,心灵火Flame 08-29 全场合集（搜索定位）,2026-08-29::临川浮梦,primary,,2026-08-29T11:30:00.000Z,弹幕证据歌升级：合集分P确认。
2026-08-29,collection-title-date,2026年08月29日,流光记,collection-chapter-title,银临 / 初音未来,collection-chapter,P15 流光记,【小松绿Viridis】20260829 歌切,https://www.bilibili.com/video/BV1gm4C65Ey6/?p=15,BV1gm4C65Ey6,心灵火Flame,04:41,心灵火Flame 08-29 全场合集（搜索定位）,2026-08-29::流光记,primary,,2026-08-29T11:30:00.000Z,弹幕证据歌升级：合集分P确认。
2026-08-29,cut-pubdate-match,2026-08-29,绿色,clip-title,,single,,【小松绿Viridis】神中神《绿色》羽啾进入直播间有人心乱了,https://www.bilibili.com/video/BV1qg4k6SEMi/,BV1qg4k6SEMi,超级海粼猫,05:05,小松绿Viridis 歌切/突击的随便唱（20260829 检索定位）,2026-08-29::绿色,secondary,https://www.bilibili.com/video/BV1ZT4k6QEpC/,2026-08-29T09:21:12.913Z,同场切片（含羽啾进直播间反应），2026-08-29 14:48 发布。
2026-08-29,cut-desc-date,2026-08-29,绿色,clip-title,,single,,【小松绿Viridis/歌切】绿色,https://www.bilibili.com/video/BV1qZ4y6xE1j/,BV1qZ4y6xE1j,华丽失败酱,04:28,小松绿Viridis 歌切/突击的随便唱（20260829 检索定位）,2026-08-29::绿色,secondary,https://www.bilibili.com/video/BV1ZT4k6QEpC/,2026-08-29T09:21:12.913Z,歌切（独唱整首），2026-08-29 14:58 发布，desc 含 20260829。弹幕歌词实锤 00:33:30-00:40:30（「从此我的心里只剩绿色」「若不是你突然闯进我生活」密集刷屏）。
2026-08-29,manual-normalized,2026-08-29（desc 注明 2026.8.29下午）,绿色,title-song-name,陈雪凝,single,,【小松绿】《绿色》,https://www.bilibili.com/video/BV1ZT4k6QEpC/,BV1ZT4k6QEpC,给我来打二向箔,04:40,用户指定（小松绿 绿光→绿色 澄清）,2026-08-29::绿色,primary,,2026-08-29T11:00:00.000Z,"2026-08-29 用户确认：《绿色》采用本版本为主歌切（用户笔误称""绿光""，实为《绿色》陈雪凝；全量弹幕0提及孙燕姿《绿光》，B站无《绿光》切片）。当场直播中 14:34(UTC+8) 发布，4:40。"
2026-08-29,cut-pubdate-match,2026-08-29,你究竟有几个好妹妹,clip-title,,single,,@羽啾：你是我最爱的妹妹 测谎仪：👎👎👎【小松绿Viridis】,https://www.bilibili.com/video/BV1Bg4k6SEeW/,BV1Bg4k6SEeW,小冬青Viridis,05:21,小松绿Viridis 歌切/突击的随便唱（20260829 检索定位）,2026-08-29::你究竟有几个好妹妹,secondary,https://www.bilibili.com/video/BV1dd4y6oEQb/,2026-08-29T09:21:12.913Z,同场互动切片（好妹妹主题），2026-08-29 14:53 发布。
2026-08-29,cut-pubdate-match,2026-08-29,你究竟有几个好妹妹,clip-title,,single,,《你究竟有几个好妹妹》【小松绿Viridis】,https://www.bilibili.com/video/BV1dd4y6oEQb/,BV1dd4y6oEQb,怎样能想到合适的昵称,05:44,小松绿Viridis 歌切/突击的随便唱（20260829 检索定位）,2026-08-29::你究竟有几个好妹妹,primary,,2026-08-29T09:21:12.913Z,切片，2026-08-29 15:15 发布。孟庭苇 1993《谁的眼泪在飞》收录曲。弹幕 00:41-00:45「羽啾你究竟有几个好妹妹」密集刷屏。
2026-08-29,collection-title-date,2026年08月29日,泼墨漓江,collection-chapter-title,玖玲 / 冥凰 / 泠鸢yousa,collection-chapter,P11 泼墨漓江,【小松绿Viridis】20260829 歌切,https://www.bilibili.com/video/BV1gm4C65Ey6/?p=11,BV1gm4C65Ey6,心灵火Flame,04:58,心灵火Flame 08-29 全场合集（搜索定位）,2026-08-29::泼墨漓江,primary,,2026-08-29T11:30:00.000Z,弹幕证据歌升级：合集分P确认。
2026-08-29,collection-title-date,2026年08月29日,绮凝盏,collection-chapter-title,MeLo / 海伊,collection-chapter,P10 绮凝盏,【小松绿Viridis】20260829 歌切,https://www.bilibili.com/video/BV1gm4C65Ey6/?p=10,BV1gm4C65Ey6,心灵火Flame,03:24,心灵火Flame 08-29 全场合集（搜索定位）,2026-08-29::绮凝盏,primary,,2026-08-29T11:30:00.000Z,萌百核实：MeLo 作编曲、海伊Official 2019-02-08 投稿的 UTAU 中文原创曲（专辑《亚特兰蒂斯》收录）。
2026-08-29,collection-title-date,2026年08月29日,是风动,collection-chapter-title,银临 / 河图,collection-chapter,P8 是风动,【小松绿Viridis】20260829 歌切,https://www.bilibili.com/video/BV1gm4C65Ey6/?p=8,BV1gm4C65Ey6,心灵火Flame,04:49,心灵火Flame 08-29 全场合集（搜索定位）,2026-08-29::是风动,primary,,2026-08-29T11:30:00.000Z,百度百科核实：银临×河图 2017 古风单曲（银临作曲/择荇填词/灰原穷编曲，收录《蚍蜉渡海》）。
2026-08-29,collection-title-date,2026年08月29日,下个夏天的烟火,collection-chapter-title,Cidai Jun / 海伊,collection-chapter,P9 下个夏天的烟火,【小松绿Viridis】20260829 歌切,https://www.bilibili.com/video/BV1gm4C65Ey6/?p=9,BV1gm4C65Ey6,心灵火Flame,03:43,心灵火Flame 08-29 全场合集（搜索定位）,2026-08-29::下个夏天的烟火,primary,,2026-08-29T11:30:00.000Z,Vocaloid Lyrics Wiki 核实：Cidai Jun 等制作、海伊演唱，2023-07-22 投稿的中文 Vocaloid 歌。
2026-08-29,collection-title-date,2026年08月29日,夏日已所剩无几,collection-chapter-title,泠鸢yousa,collection-chapter,P12 夏日已所剩无几,【小松绿Viridis】20260829 歌切,https://www.bilibili.com/video/BV1gm4C65Ey6/?p=12,BV1gm4C65Ey6,心灵火Flame,04:32,心灵火Flame 08-29 全场合集（搜索定位）,2026-08-29::夏日已所剩无几,primary,,2026-08-29T11:30:00.000Z,萌百核实：泠鸢yousa 2016-09-15 投稿的中文原创曲（专辑《茜色诗集》收录）；对应 08-29 审计遗留的 yousa 专场段。另有小冬青Viridis 单切 BV1vc416WEqw。
2026-08-29,manual-normalized,2026-08-29（歌切内容判定）,夏日已所剩无几,title-song-name,泠鸢yousa,single,,【小松绿Viridis】夏日已所剩无几,https://www.bilibili.com/video/BV1vc416WEqw/,BV1vc416WEqw,小冬青Viridis,04:34,小松绿Viridis 搜索定位,2026-08-29::夏日已所剩无几,secondary,https://www.bilibili.com/video/BV1gm4C65Ey6/?p=12,2026-08-29T11:30:00.000Z,单曲切片佐证。
2026-08-29,cut-pubdate-match,2026-08-29,想和你迎着台风去看海,clip-title,,single,,【小松绿Viridis】《想和你迎着台风去看海》“刚想开口骂 心却跳起来”,https://www.bilibili.com/video/BV1qT4k6QEXt/,BV1qT4k6QEXt,正逢夏末秋凉,01:44,小松绿Viridis 歌切/突击的随便唱（20260829 检索定位）,2026-08-29::想和你迎着台风去看海,secondary,https://www.bilibili.com/video/BV1ta4y6VEQy/,2026-08-29T09:21:12.913Z,同场切片（歌词副标题），2026-08-29 14:34 发布（当日最早台风歌切片，演唱时段按弹幕估 00:32-00:34）。
2026-08-29,cut-desc-date,2026-08-29,想和你迎着台风去看海,clip-title,,single,,左摇右晃小甜歌《想和你迎着台风去看海》【小松绿Viridis】,https://www.bilibili.com/video/BV1ta4y6VEQy/,BV1ta4y6VEQy,赫洛二号机,01:43,小松绿Viridis 歌切/突击的随便唱（20260829 检索定位）,2026-08-29::想和你迎着台风去看海,primary,,2026-08-29T09:21:12.913Z,切片，2026-08-29 16:10 发布，desc「8.29突击唱歌」。桑拿猫黑糖/洛天依（ACE 原创，2022-08-29 投稿，恰为直播当日周年）。
2026-08-29,collection-title-date,2026年08月29日,远旅休憩中的邂逅,collection-chapter-title,泠鸢yousa,collection-chapter,P13 远旅休憩中的邂逅,【小松绿Viridis】20260829 歌切,https://www.bilibili.com/video/BV1gm4C65Ey6/?p=13,BV1gm4C65Ey6,心灵火Flame,05:05,心灵火Flame 08-29 全场合集（搜索定位）,2026-08-29::远旅休憩中的邂逅,primary,,2026-08-29T11:30:00.000Z,核实：泠鸢yousa 歌曲（Encounters in a Long Journey's Rest）；对应 08-29 审计遗留的 yousa 专场段。
2026-08-29,cut-desc-date,2026-08-29,Talking to the Rain,clip-title,,single,,【小松绿Viridis/歌切】Talking to the Rain,https://www.bilibili.com/video/BV1Hm4y6AEC3/,BV1Hm4y6AEC3,华丽失败酱,03:37,小松绿Viridis 歌切/突击的随便唱（20260829 检索定位）,2026-08-29::Talking to the Rain,primary,,2026-08-29T09:21:12.913Z,歌切（独唱整首），2026-08-29 15:09 发布，desc 含 20260829。弹幕歌词梗实锤 01:09-01:15（「孤独的像枝堇」=歌词「孤独得像只鲸」谐音）。芹菜猪肉大馄饨/星尘海伊（中文Vocaloid传说曲）。
2026-08-29,collection-title-date,2026年08月29日,サリシノハラ,collection-chapter-title,みきとP / 初音ミク,collection-chapter,P14 サリシノハラ,【小松绿Viridis】20260829 歌切,https://www.bilibili.com/video/BV1gm4C65Ey6/?p=14,BV1gm4C65Ey6,心灵火Flame,04:28,心灵火Flame 08-29 全场合集（搜索定位）,2026-08-29::サリシノハラ,primary,,2026-08-29T11:30:00.000Z,みきとP 2013 年名曲（离去之原），初音ミク演唱。
2026-08-26,manual-normalized,2026-08-26,绿色,clip-title,陈雪凝,single,,『绿 色💚』【小松绿/四时小路/羽啾】,https://www.bilibili.com/video/BV1QG8o6xE13/,BV1QG8o6xE13,沉默环节,01:43,语音频道合唱切片（游龙287）,2026-08-26::绿色,primary,,2026-08-27T09:23:19.730Z,语音频道三人合唱《绿色》（小松绿/四时小路/羽啾），切片页名「0826 (2)(8)」，2026-08-26 投稿。直播间弹幕无歌词佐证，仅「你在后边唱歌」「一转歌回」等提示；另有同晚切片「小路和羽啾合唱《绿色》无能的小松绿只能向枝堇妈妈哭诉」（BV1cL8Z6VE6p）提示小松绿是否正式开唱存疑，待人工复核。
2026-08-23,replay-title-date,2026年08月23日21点场,吹灭小山河,danmaku-name-drop,国风堂 / 司南,single,,【小松绿Viridis/歌切】吹灭小山河,https://www.bilibili.com/video/BV11F8h6BE4d/,BV11F8h6BE4d,华丽失败酱,02:35,相关推荐挖掘,2026-08-23::吹灭小山河,primary,,2026-08-24T09:12:06.664Z,弹幕02:46:33“吹灭小山河有品”（有品=选曲品味好，指演唱中）。网易云核实：国风堂/司南《观风月·竹马篇》。已找到专门歌切 BV11F8h6BE4d（华丽失败酱，20260823）。
2026-08-23,replay-title-date,2026年08月23日21点场,多情岸,danmaku-name-drop,忘川风华录 / 洛天依,single,,【小松绿Viridis/歌切】多情岸,https://www.bilibili.com/video/BV1yw8h6TEBf/,BV1yw8h6TEBf,华丽失败酱,04:55,相关推荐挖掘,2026-08-23::多情岸,primary,,2026-08-24T09:12:06.664Z,弹幕02:40:26“多情岸是写曹植的吗”、02:40:36“多情岸，落泪了”；02:42:57“这是天依原唱吧”印证洛天依原唱。百度百科核实：忘川风华录曹植主题曲，洛天依演唱。已找到专门歌切 BV1yw8h6TEBf（华丽失败酱，20260823）。
2026-08-23,collection-title-date,2026年08月23日,光,collection-chapter-title,Kide / Ddickky / 星尘,collection-chapter,P4 光,【小松绿Viridis】20260823 歌切,https://www.bilibili.com/video/BV1m9886kEMZ/?p=4,BV1m9886kEMZ,心灵火Flame,04:10,歌切合集,2026-08-23::光,primary,,2026-08-24T16:15:30.734Z,"原曲核实：星尘「光」2021-08-12星尘诞生日5周年曲，作曲/编曲Kide、作词Ddickky（平行四界），原曲BV1K64y1z71C（04:16）；歌切04:10与原曲吻合，弹幕""星尘专场吗这是""印证。此前误记ventus/星尘Infinity，本轮修正。另有忆夏追凉单切BV1ZH8Y6wEAw（04:21，secondary）。"
2026-08-23,manual-normalized,2026-08-23（歌切内容判定）,光,title-song-name,Kide / Ddickky / 星尘,single,,【小松绿Viridis】 《光》,https://www.bilibili.com/video/BV1ZH8Y6wEAw/,BV1ZH8Y6wEAw,忆夏追凉,04:21,小松绿Viridis 光（搜索定位）,2026-08-23::光,secondary,https://www.bilibili.com/video/BV1m9886kEMZ/?p=4,2026-08-25T09:20:00.000Z,"2026-08-24 11:40(UTC+8) 发布的单曲歌切；简介提及""全力绿""与08-23场次吻合。"
2026-08-23,collection-title-date,2026年08月23日,恋苦,collection-chapter-title,月犬P / 星尘,collection-chapter,P2 恋苦,【小松绿Viridis】20260823 歌切,https://www.bilibili.com/video/BV1m9886kEMZ/?p=2,BV1m9886kEMZ,心灵火Flame,04:25,歌切合集,2026-08-23::恋苦,primary,,2026-08-24T16:15:30.734Z,萌百核实：月犬P 2022年投稿 Synthesizer V 中文原创，星尘（星尘Infinity）演唱。
2026-08-23,manual-normalized,2026-08-23（歌切内容判定）,恋苦,title-song-name,月犬P / 星尘,single,,【小松绿Viridis/自存】恋苦,https://www.bilibili.com/video/BV1QAhV6iEdA/,BV1QAhV6iEdA,FrothyWater,04:39,小松绿Viridis 恋苦（搜索定位）,2026-08-23::恋苦,secondary,https://www.bilibili.com/video/BV1m9886kEMZ/?p=2,2026-08-25T09:20:00.000Z,2026-08-25 15:44(UTC+8) 发布的单曲歌切；简介注明原曲为星尘曲（av511766981，月犬P《恋苦》），去星尘声混音。
2026-08-23,replay-title-date,2026年08月23日21点场,流霰,danmaku-name-drop,旅行的蜗牛（Snapmod）/ 星尘,single,,【小松绿Viridis/自留】流霰,https://www.bilibili.com/video/BV1Td886GEoN/,BV1Td886GEoN,超级绿考子晴川,03:55,歌切合集/单曲投稿,2026-08-23::流霰,primary,,2026-08-24T09:12:06.664Z,弹幕02:16:53“我去，流霰!”、02:17:30“特别喜欢流霰”、02:20:04“请大家去听《流霰》！超级好听”。网易云核实：旅行的蜗牛（Snapmod）2021年投稿，诗岸演唱，2022年星尘版；与弹幕“星尘连着来三首”吻合。
2026-08-23,replay-title-date,2026年08月23日21点场,栖凰,danmaku-name-drop,忘川风华录 / 星尘,single,,【小松绿Viridis】栖凰,https://www.bilibili.com/video/BV1BN8i66Ej6/,BV1BN8i66Ej6,忆夏追凉,03:49,歌切合集/单曲投稿,2026-08-23::栖凰,primary,,2026-08-24T09:12:06.664Z,弹幕02:27:01/02:28:25点名“栖凰”，02:31:18“栖凰好听捏”，02:31:42“星尘连着来三首”。百度百科/萌百核实：栖凰为忘川风华录2018年投稿、星尘演唱。
2026-08-23,replay-title-date,2026年08月23日21点场,夏恋慕,danmaku-name-drop,kobasolo / 春茶,collection-chapter,,【小松绿Viridis】20260823 歌切 P7 夏恋慕,https://www.bilibili.com/video/BV1m9886kEMZ/?p=7,BV1m9886kEMZ,心灵火Flame,04:24,歌切合集/单曲投稿,2026-08-23::夏恋慕,primary,,2026-08-24T09:12:06.664Z,弹幕02:49:34“夏恋慕神！！！”、02:49:51/02:49:58“还有夏恋慕”；02:51:42-48日文歌词行“ぽたりぽたり通る夏の日”“僕は君に恋して いいの”。网易云核实：kobasolo feat. 春茶。
2026-08-23,replay-title-date,2026年08月23日21点场,夏霞,danmaku-name-drop,あたらよ,single,,【小松绿Viridis】夏霞 / あたらよ / 可惜夜,https://www.bilibili.com/video/BV12o8866EsR/,BV12o8866EsR,哇英梨梨,03:46,歌切合集/单曲投稿,2026-08-23::夏霞,primary,,2026-08-24T09:12:06.664Z,弹幕02:54:37-02:58:23密集反应：夏霞好耶/有品/好听/真不错吧（15+条），为压轴曲；02:56:07“还有desert [哇]”疑似其后又唱了 desert（未收录，待复核）。网易云核实：あたらよ《夏霞》（2022，专辑《極夜において月は語らず》）。
2026-08-20,cut-title-date,20260820,大声钻石,collection-chapter-title,AKB48 Team SH,collection-chapter,7，《大声钻石》,【小松绿Viridis/歌回】20260820-偶像歌回？欸,https://www.bilibili.com/video/BV1WS8c6XE9w/?p=7,BV1WS8c6XE9w,我家的清风薄荷冰茶,4:00,"""小松绿Viridis/歌回"" ""20260820""",2026-08-20::大声钻石,primary,,2026-08-20T16:21:25.502Z,8/20偶像歌回弹幕分析命中：歌词弹幕确认 + 歌切合集分P章节《大声钻石》。
2026-08-20,cut-title-date,20260820,第一只小兔子,collection-chapter-title,SNH48 Team NII（AKB48 中文版）,collection-chapter,6，《第一只小兔子》,【小松绿Viridis/歌回】20260820-偶像歌回？欸,https://www.bilibili.com/video/BV1WS8c6XE9w/?p=6,BV1WS8c6XE9w,我家的清风薄荷冰茶,4:44,"""小松绿Viridis/歌回"" ""20260820""",2026-08-20::第一只小兔子,primary,,2026-08-20T16:21:25.502Z,8/20偶像歌回弹幕分析命中：歌词弹幕确认 + 歌切合集分P章节《第一只小兔子》。
2026-08-20,cut-title-date,20260820,二人セゾン,collection-chapter-title,乃木坂46,collection-chapter,14，《二人セゾン》,【小松绿Viridis/歌回】20260820-偶像歌回？欸,https://www.bilibili.com/video/BV1WS8c6XE9w/?p=14,BV1WS8c6XE9w,我家的清风薄荷冰茶,4:12,"""小松绿Viridis/歌回"" ""20260820""",2026-08-20::二人セゾン,primary,,2026-08-20T16:21:25.502Z,8/20偶像歌回弹幕分析命中：歌词弹幕确认 + 歌切合集分P章节《二人セゾン》。
2026-08-20,manual-normalized,2026-08-20（歌切内容判定）,光景,title-song-name,篠澤広（初星学園）,single,,【小松绿Viridis/歌切】光景,https://www.bilibili.com/video/BV1tk8c6tEFS/,BV1tk8c6tEFS,华丽失败酱,04:31,小松绿Viridis 歌切（搜索定位）,2026-08-20::光景,secondary,https://www.bilibili.com/video/BV1WS8c6XE9w/?p=9,2026-08-29T06:30:00.000Z,08-20 20:05(UTC+8)发布（当场直播中）。
2026-08-20,cut-title-date,20260820,光景,collection-chapter-title,篠澤広（初星学園）,collection-chapter,9，《光景》,【小松绿Viridis/歌回】20260820-偶像歌回？欸,https://www.bilibili.com/video/BV1WS8c6XE9w/?p=9,BV1WS8c6XE9w,我家的清风薄荷冰茶,4:00,"""小松绿Viridis/歌回"" ""20260820""",2026-08-20::光景,primary,,2026-08-20T16:21:25.502Z,8/20偶像歌回弹幕分析命中：歌词弹幕确认 + 歌切合集分P章节《光景》。
2026-08-20,cut-title-date,20260820,少女レイ,collection-chapter-title,みきとP / 初音ミク,collection-chapter,19，《少女レイ》,【小松绿Viridis/歌回】20260820-偶像歌回？欸,https://www.bilibili.com/video/BV1WS8c6XE9w/?p=19,BV1WS8c6XE9w,我家的清风薄荷冰茶,4:00,"""小松绿Viridis/歌回"" ""20260820""",2026-08-20::少女レイ,primary,,2026-08-20T16:21:25.502Z,8/20偶像歌回弹幕分析命中：歌词弹幕确认 + 歌切合集分P章节《少女レイ》。
2026-08-20,cut-title-date,20260820,私、アイドル宣言,collection-chapter-title,HoneyWorks（CHiCO with HoneyWorks）,collection-chapter,4，《私、アイドル宣言》,【小松绿Viridis/歌回】20260820-偶像歌回？欸,https://www.bilibili.com/video/BV1WS8c6XE9w/?p=4,BV1WS8c6XE9w,我家的清风薄荷冰茶,4:24,"""小松绿Viridis/歌回"" ""20260820""",2026-08-20::私、アイドル宣言,primary,,2026-08-20T16:21:25.502Z,8/20偶像歌回弹幕分析命中：歌词弹幕确认 + 歌切合集分P章节《私、アイドル宣言》。
2026-08-20,cut-title-date,20260820,私のSymphony,collection-chapter-title,Liella!（澁谷かのん）,collection-chapter,11，《私のSymphony》,【小松绿Viridis/歌回】20260820-偶像歌回？欸,https://www.bilibili.com/video/BV1WS8c6XE9w/?p=11,BV1WS8c6XE9w,我家的清风薄荷冰茶,3:54,"""小松绿Viridis/歌回"" ""20260820""",2026-08-20::私のSymphony,primary,,2026-08-20T16:21:25.502Z,8/20偶像歌回弹幕分析命中：歌词弹幕确认 + 歌切合集分P章节《私のSymphony》。
2026-08-20,cut-title-date,20260820,夜蝶,collection-chapter-title,SNH48（李艺彤/黄婷婷）,collection-chapter,8，《夜蝶》,【小松绿Viridis/歌回】20260820-偶像歌回？欸,https://www.bilibili.com/video/BV1WS8c6XE9w/?p=8,BV1WS8c6XE9w,我家的清风薄荷冰茶,4:00,"""小松绿Viridis/歌回"" ""20260820""",2026-08-20::夜蝶,primary,,2026-08-20T16:21:25.502Z,8/20偶像歌回弹幕分析命中：歌词弹幕确认 + 歌切合集分P章节《夜蝶》。
2026-08-20,manual-normalized,2026-08-20（歌切内容判定）,夜蝶,title-song-name,SNH48（李艺彤/黄婷婷）,single,,【小松绿Viridis/歌切】夜蝶,https://www.bilibili.com/video/BV1yS8c6XEbe/,BV1yS8c6XEbe,华丽失败酱,03:59,小松绿Viridis 歌切（搜索定位）,2026-08-20::夜蝶,secondary,https://www.bilibili.com/video/BV1WS8c6XE9w/?p=8,2026-08-29T06:30:00.000Z,08-20 19:56(UTC+8)发布（当场直播中）。
2026-08-20,cut-title-date,20260820,纸星瓶,collection-chapter-title,海蓝色 / 星尘,collection-chapter,sp1-纸星瓶,绿考子必看！偶像主题歌回全切合集，一次听个爽！【小松绿Viridis｜歌切】,https://www.bilibili.com/video/BV1EC8w62EAD/?p=19,BV1EC8w62EAD,Justice-Wen,2:13,"""小松绿Viridis/歌切"" ""20260820""",2026-08-20::纸星瓶,primary,,2026-08-21T19:21:33.039Z,8/20偶像歌回安可曲补录：Justice-Wen 合集 BV1EC8w62EAD sp1 章节《纸星瓶》（duration=133 秒），弹幕 13:19-13:21 UTC 命中歌词「所有念与想　叠作纸星瓶装」，当日确实演唱。
2026-08-20,cut-title-date,20260820,CHASE!,collection-chapter-title,優木せつ菜（楠木灯）,collection-chapter,2，《CHASE!》,【小松绿Viridis/歌回】20260820-偶像歌回？欸,https://www.bilibili.com/video/BV1WS8c6XE9w/?p=2,BV1WS8c6XE9w,我家的清风薄荷冰茶,4:13,"""小松绿Viridis/歌回"" ""20260820""",2026-08-20::CHASE!,primary,,2026-08-20T16:21:25.502Z,8/20偶像歌回弹幕分析命中：歌词弹幕确认 + 歌切合集分P章节《CHASE!》。
2026-08-20,cut-title-date,20260820,flos,collection-chapter-title,R Sound Design（初音ミク）,collection-chapter,18，《flos》,【小松绿Viridis/歌回】20260820-偶像歌回？欸,https://www.bilibili.com/video/BV1WS8c6XE9w/?p=18,BV1WS8c6XE9w,我家的清风薄荷冰茶,4:00,"""小松绿Viridis/歌回"" ""20260820""",2026-08-20::flos,primary,,2026-08-20T16:21:25.502Z,8/20偶像歌回弹幕分析命中：歌词弹幕确认 + 歌切合集分P章节《flos》。
2026-08-20,cut-title-date,20260820,Fly me to the star,collection-chapter-title,九九组（少女歌剧）,collection-chapter,15，《Fly me to the star》,【小松绿Viridis/歌回】20260820-偶像歌回？欸,https://www.bilibili.com/video/BV1WS8c6XE9w/?p=15,BV1WS8c6XE9w,我家的清风薄荷冰茶,3:30,"""小松绿Viridis/歌回"" ""20260820""",2026-08-20::Fly me to the star,primary,,2026-08-20T16:21:25.502Z,8/20偶像歌回弹幕分析命中：歌词弹幕确认 + 歌切合集分P章节《Fly me to the star》。
2026-08-20,cut-title-date,20260820,I LOVE U,collection-chapter-title,洛天依（阿良良木健）,collection-chapter,17，《I LOVE U》,【小松绿Viridis/歌回】20260820-偶像歌回？欸,https://www.bilibili.com/video/BV1WS8c6XE9w/?p=17,BV1WS8c6XE9w,我家的清风薄荷冰茶,4:00,"""小松绿Viridis/歌回"" ""20260820""",2026-08-20::I LOVE U,primary,,2026-08-20T16:21:25.502Z,8/20偶像歌回弹幕分析命中：歌词弹幕确认 + 歌切合集分P章节《I LOVE U》。
2026-08-20,cut-title-date,20260820,MORE JUMP MORE!,collection-chapter-title,MORE MORE JUMP！,collection-chapter,3，《MORE JUMP MORE!》,【小松绿Viridis/歌回】20260820-偶像歌回？欸,https://www.bilibili.com/video/BV1WS8c6XE9w/?p=3,BV1WS8c6XE9w,我家的清风薄荷冰茶,3:01,"""小松绿Viridis/歌回"" ""20260820""",2026-08-20::MORE JUMP MORE!,primary,,2026-08-20T16:21:25.502Z,8/20偶像歌回弹幕分析命中：歌词弹幕确认 + 歌切合集分P章节《MORE JUMP MORE!》。
2026-08-20,cut-title-date,20260820,SOS,collection-chapter-title,黛冬優子（偶像大师 闪耀色彩）,collection-chapter,10，《SOS》,【小松绿Viridis/歌回】20260820-偶像歌回？欸,https://www.bilibili.com/video/BV1WS8c6XE9w/?p=10,BV1WS8c6XE9w,我家的清风薄荷冰茶,4:00,"""小松绿Viridis/歌回"" ""20260820""",2026-08-20::SOS,primary,,2026-08-20T16:21:25.502Z,8/20偶像歌回弹幕分析命中：歌词弹幕确认 + 歌切合集分P章节《SOS》。
2026-08-20,cut-title-date,20260820,Starlight Prologue,collection-chapter-title,Liella!,collection-chapter,12，《Starlight Prologue》,【小松绿Viridis/歌回】20260820-偶像歌回？欸,https://www.bilibili.com/video/BV1WS8c6XE9w/?p=12,BV1WS8c6XE9w,我家的清风薄荷冰茶,4:00,"""小松绿Viridis/歌回"" ""20260820""",2026-08-20::Starlight Prologue,primary,,2026-08-20T16:21:25.502Z,8/20偶像歌回弹幕分析命中：歌词弹幕确认 + 歌切合集分P章节《Starlight Prologue》。
2026-08-20,cut-title-date,20260820,START:DASH!!!,collection-chapter-title,μ's,collection-chapter,1，《START:DASH!!!》,【小松绿Viridis/歌回】20260820-偶像歌回？欸,https://www.bilibili.com/video/BV1WS8c6XE9w/?p=1,BV1WS8c6XE9w,我家的清风薄荷冰茶,4:11,"""小松绿Viridis/歌回"" ""20260820""",2026-08-20::START:DASH!!!,primary,,2026-08-20T16:21:25.501Z,8/20偶像歌回弹幕分析命中：歌词弹幕确认 + 歌切合集分P章节《START:DASH!!!》。
2026-08-20,cut-title-date,20260820,Virtual to LIVE,collection-chapter-title,にじさんじ,collection-chapter,16，《Virtual to LIVE》,【小松绿Viridis/歌回】20260820-偶像歌回？欸,https://www.bilibili.com/video/BV1WS8c6XE9w/?p=16,BV1WS8c6XE9w,我家的清风薄荷冰茶,4:00,"""小松绿Viridis/歌回"" ""20260820""",2026-08-20::Virtual to LIVE,primary,,2026-08-20T16:21:25.502Z,8/20偶像歌回弹幕分析命中：歌词弹幕确认 + 歌切合集分P章节《Virtual to LIVE》。
2026-08-20,cut-title-date,20260820,アイドル,collection-chapter-title,YOASOBI,collection-chapter,13，《アイドル》,【小松绿Viridis/歌回】20260820-偶像歌回？欸,https://www.bilibili.com/video/BV1WS8c6XE9w/?p=13,BV1WS8c6XE9w,我家的清风薄荷冰茶,3:36,"""小松绿Viridis/歌回"" ""20260820""",2026-08-20::アイドル,primary,,2026-08-20T16:21:25.502Z,8/20偶像歌回弹幕分析命中：歌词弹幕确认 + 歌切合集分P章节《アイドル》。
2026-08-20,cut-title-date,20260820,おともだち,collection-chapter-title,ファントムシータ,collection-chapter,5，《おともだち》,【小松绿Viridis/歌回】20260820-偶像歌回？欸,https://www.bilibili.com/video/BV1WS8c6XE9w/?p=5,BV1WS8c6XE9w,我家的清风薄荷冰茶,2:55,"""小松绿Viridis/歌回"" ""20260820""",2026-08-20::おともだち,primary,,2026-08-20T16:21:25.502Z,8/20偶像歌回弹幕分析命中：歌词弹幕确认 + 歌切合集分P章节《おともだち》。
2026-08-18,collection-title-date,8月18日歌切合集,爱情讯息,collection-chapter-title,,compilation,6-爱情讯息,【663645TV】神回！我已启动！全力绿来唱完了！8月18日歌切合集【小松绿Viridis】,https://www.bilibili.com/video/BV1rv8V6DExk/,BV1rv8V6DExk,银河的鱼,04:39,合集页 pages 数组提取 + 直链页面 HTML,2026-08-18::爱情讯息,primary,,2026-08-20T12:40:00.000Z,直接解析 8月18日歌切合集页面 HTML 内嵌 pages 数组，命中 chapter_title=6-爱情讯息，duration=279 秒。按用户允许的合集章节规则，可用该合集页作为爱情讯息的明确对应 cut_link。
2026-08-18,collection-title-date,8月18日歌切合集,都落ち,collection-chapter-title,,compilation,9-都落ち,【663645TV】神回！我已启动！全力绿来唱完了！8月18日歌切合集【小松绿Viridis】,https://www.bilibili.com/video/BV1rv8V6DExk/,BV1rv8V6DExk,银河的鱼,04:15,合集页 pages 数组提取 + 直链页面 HTML,2026-08-18::都落ち,primary,,2026-08-20T08:42:51.125Z,直接解析 8月18日歌切合集页面 HTML 内嵌 pages 数组，命中 chapter_title=9-都落ち，duration=255 秒。按用户允许的合集章节规则，可用该合集页作为 都落ち 的明确对应 cut_link。
2026-08-18,collection-title-date,8月18日歌切合集,繁华唱遍,collection-chapter-title,,compilation,7-繁华唱遍,【663645TV】神回！我已启动！全力绿来唱完了！8月18日歌切合集【小松绿Viridis】,https://www.bilibili.com/video/BV1rv8V6DExk/,BV1rv8V6DExk,银河的鱼,04:01,合集页 pages 数组提取 + 直链页面 HTML,2026-08-18::繁华唱遍,primary,,2026-08-20T12:40:00.000Z,直接解析 8月18日歌切合集页面 HTML 内嵌 pages 数组，命中 chapter_title=7-繁华唱遍，duration=241 秒。按用户允许的合集章节规则，可用该合集页作为繁华唱遍的明确对应 cut_link。
2026-08-18,manual-normalized,2026-08-18（歌切内容判定）,繁华唱遍,title-song-name,纯白 / 乐正绫,single,,【小松绿Viridis/歌切】繁华唱遍,https://www.bilibili.com/video/BV1rY8365EUY/,BV1rY8365EUY,天才美少女索菲,04:01,小松绿Viridis 歌切（搜索定位）,2026-08-18::繁华唱遍,secondary,https://www.bilibili.com/video/BV1rv8V6DExk/,2026-08-29T06:30:00.000Z,08-18 22:45(UTC+8)发布。
2026-08-18,collection-title-date,8月18日歌切合集,風になる,collection-chapter-title,,compilation,11-風になる,【663645TV】神回！我已启动！全力绿来唱完了！8月18日歌切合集【小松绿Viridis】,https://www.bilibili.com/video/BV1rv8V6DExk/,BV1rv8V6DExk,银河的鱼,04:36,合集页 pages 数组提取 + 直链页面 HTML,2026-08-18::風になる,primary,,2026-08-20T08:42:51.125Z,直接解析 8月18日歌切合集页面 HTML 内嵌 pages 数组，命中 chapter_title=11-風になる，duration=276 秒。按用户允许的合集章节规则，可用该合集页作为 風になる 的明确对应 cut_link。
2026-08-18,manual-normalized,2026-08-18（歌切内容判定）,蝴蝶,title-song-name,初音ミク / 古川本舗,single,,【小松绿Viridis】 蝴蝶,https://www.bilibili.com/video/BV1Kt8i6REvs/,BV1Kt8i6REvs,忆夏追凉,03:43,小松绿Viridis 歌切（搜索定位）,2026-08-18::蝴蝶,secondary,https://www.bilibili.com/video/BV1rv8V6DExk/,2026-08-29T06:30:00.000Z,08-21 19:35(UTC+8)发布；蝴蝶在08-15与08-18场均唱，按忆夏切片聚类归08-18，待复核。
2026-08-18,collection-title-date,8月18日歌切合集,蝴蝶,collection-chapter-title,,compilation,20-蝴蝶,【663645TV】神回！我已启动！全力绿来唱完了！8月18日歌切合集【小松绿Viridis】,https://www.bilibili.com/video/BV1rv8V6DExk/,BV1rv8V6DExk,银河的鱼,03:37,合集页 pages 数组提取 + 直链页面 HTML,2026-08-18::蝴蝶,primary,,2026-08-20T08:42:51.125Z,直接解析 8月18日歌切合集页面 HTML 内嵌 pages 数组，命中 chapter_title=20-蝴蝶，duration=217 秒。按用户允许的合集章节规则，可用该合集页作为 蝴蝶 的明确对应 cut_link。
2026-08-18,collection-title-date,8月18日歌切合集,寄明月,collection-chapter-title,,compilation,4-寄明月,【663645TV】神回！我已启动！全力绿来唱完了！8月18日歌切合集【小松绿Viridis】,https://www.bilibili.com/video/BV1rv8V6DExk/,BV1rv8V6DExk,银河的鱼,03:48,合集页 pages 数组提取 + 直链页面 HTML,2026-08-18::寄明月,primary,,2026-08-20T12:40:00.000Z,直接解析 8月18日歌切合集页面 HTML 内嵌 pages 数组，命中 chapter_title=4-寄明月，duration=228 秒。按用户允许的合集章节规则，可用该合集页作为寄明月的明确对应 cut_link。
2026-08-18,manual-normalized,2026-08-18（歌切内容判定）,寄明月,title-song-name,SING女团,single,,【小松绿Viridis/歌切】寄明月,https://www.bilibili.com/video/BV1zq836rEHD/,BV1zq836rEHD,华丽失败酱,03:51,小松绿Viridis 歌切（搜索定位）,2026-08-18::寄明月,secondary,https://www.bilibili.com/video/BV1rv8V6DExk/,2026-08-29T06:30:00.000Z,08-18 22:16(UTC+8)发布。
2026-08-18,collection-title-date,8月18日歌切合集,君色に染まる,collection-chapter-title,,compilation,3-君色に染まる,【663645TV】神回！我已启动！全力绿来唱完了！8月18日歌切合集【小松绿Viridis】,https://www.bilibili.com/video/BV1rv8V6DExk/,BV1rv8V6DExk,663645TV / 页面未进一步核验,,深层候选 BV 提取 + 直链页面 meta description,2026-08-18::君色に染まる,primary,,2026-08-20T12:40:00.000Z,深层候选批量结果命中 8月18日歌切合集页面，meta description 明示“共计24条视频，包括：1-世界は恋に落ちている、2-蜜月アン・ドゥ・トロワ、3-君色に染まる等”。按用户允许的合集章节规则，可用该合集页作为明确对应 cut_link。
2026-08-18,collection-title-date,8月18日歌切合集,可愛くてごめん,collection-chapter-title,,compilation,10-可愛くてごめん,【663645TV】神回！我已启动！全力绿来唱完了！8月18日歌切合集【小松绿Viridis】,https://www.bilibili.com/video/BV1rv8V6DExk/,BV1rv8V6DExk,银河的鱼,03:42,合集页 pages 数组提取 + 直链页面 HTML,2026-08-18::可愛くてごめん,primary,,2026-08-20T08:42:51.125Z,直接解析 8月18日歌切合集页面 HTML 内嵌 pages 数组，命中 chapter_title=10-可愛くてごめん，duration=222 秒。按用户允许的合集章节规则，可用该合集页作为 可愛くてごめん 的明确对应 cut_link。
2026-08-18,manual-normalized,2026-08-18（歌切内容判定）,可愛くてごめん,title-song-name,HoneyWorks / 初音ミク,single,,【小松绿Viridis】《可愛くてごめん》,https://www.bilibili.com/video/BV1Zd8g6zEbF/,BV1Zd8g6zEbF,秋月遥zuki,03:35,小松绿Viridis 歌切（搜索定位）,2026-08-18::可愛くてごめん,secondary,https://www.bilibili.com/video/BV1rv8V6DExk/,2026-08-29T06:30:00.000Z,08-18 23:17(UTC+8)发布。
2026-08-18,manual-normalized,2026-08-18（歌切内容判定）,涟漪,title-song-name,Zeno / 星尘,single,,【小松绿Viridis】《涟漪》,https://www.bilibili.com/video/BV1oy8V6yEph/,BV1oy8V6yEph,秋月遥zuki,03:52,小松绿Viridis 歌切（搜索定位）,2026-08-18::涟漪,secondary,https://www.bilibili.com/video/BV1rv8V6DExk/,2026-08-29T06:30:00.000Z,08-19 00:19(UTC+8)发布；歌词与 Zeno 作词作曲编曲调教混音、星尘演唱的中文虚拟歌手原创曲《涟漪》一致。
2026-08-18,collection-title-date,8月18日歌切合集,涟漪,collection-chapter-title,,compilation,18-涟漪,【663645TV】神回！我已启动！全力绿来唱完了！8月18日歌切合集【小松绿Viridis】,https://www.bilibili.com/video/BV1rv8V6DExk/,BV1rv8V6DExk,银河的鱼,04:11,合集页 pages 数组提取 + 直链页面 HTML,2026-08-18::涟漪,primary,,2026-08-20T08:42:51.125Z,直接解析 8月18日歌切合集页面 HTML 内嵌 pages 数组，命中 chapter_title=18-涟漪，duration=251 秒。按用户允许的合集章节规则，可用该合集页作为 涟漪 的明确对应 cut_link。
2026-08-18,collection-title-date,8月18日歌切合集,蜜月アン・ドゥ・トロワ,collection-chapter-title,,compilation,2-蜜月アン・ドゥ・トロワ,【663645TV】神回！我已启动！全力绿来唱完了！8月18日歌切合集【小松绿Viridis】,https://www.bilibili.com/video/BV1rv8V6DExk/,BV1rv8V6DExk,663645TV / 页面未进一步核验,,深层候选 BV 提取 + 直链页面 meta description,2026-08-18::蜜月アン・ドゥ・トロワ,primary,,2026-08-20T12:40:00.000Z,深层候选批量结果命中 8月18日歌切合集页面，meta description 明示“共计24条视频，包括：1-世界は恋に落ちている、2-蜜月アン・ドゥ・トロワ、3-君色に染まる等”。按用户允许的合集章节规则，可用该合集页作为明确对应 cut_link。
2026-08-18,collection-title-date,8月18日歌切合集,聘书,collection-chapter-title,,compilation,19-聘书,【663645TV】神回！我已启动！全力绿来唱完了！8月18日歌切合集【小松绿Viridis】,https://www.bilibili.com/video/BV1rv8V6DExk/,BV1rv8V6DExk,银河的鱼,04:03,合集页 pages 数组提取 + 直链页面 HTML,2026-08-18::聘书,primary,,2026-08-20T08:42:51.125Z,直接解析 8月18日歌切合集页面 HTML 内嵌 pages 数组，命中 chapter_title=19-聘书，duration=243 秒。按用户允许的合集章节规则，可用该合集页作为 聘书 的明确对应 cut_link。
2026-08-18,collection-title-date,8月18日歌切合集,人间不值得,collection-chapter-title,,compilation,13-人间不值得,【663645TV】神回！我已启动！全力绿来唱完了！8月18日歌切合集【小松绿Viridis】,https://www.bilibili.com/video/BV1rv8V6DExk/,BV1rv8V6DExk,银河的鱼,04:41,合集页 pages 数组提取 + 直链页面 HTML,2026-08-18::人间不值得,primary,,2026-08-20T08:42:51.125Z,直接解析 8月18日歌切合集页面 HTML 内嵌 pages 数组，命中 chapter_title=13-人间不值得，duration=281 秒。按用户允许的合集章节规则，可用该合集页作为 人间不值得 的明确对应 cut_link。
2026-08-18,manual-normalized,2026-08-18（歌切内容判定）,三月雨,title-song-name,Litterzy / 洛天依,single,,【小松绿Viridis】 三月雨 已雪耻,https://www.bilibili.com/video/BV1ky876wE69/,BV1ky876wE69,忆夏追凉,04:37,小松绿Viridis 歌切（搜索定位）,2026-08-18::三月雨,secondary,https://www.bilibili.com/video/BV1tA856aE3R/,2026-08-29T06:30:00.000Z,08-19 17:40(UTC+8)发布。
2026-08-18,manual-normalized,日期未在页面显式写出；按正式曲库当前唯一对应演唱日期回填,三月雨,title-song-name,,single,,【小松绿Viridis】《三月雨》丨“念往昔 我急旋慢转你抚琴低吟”,https://www.bilibili.com/video/BV1tA856aE3R/,BV1tA856aE3R,秋月遥zuki,,候选 BV 提取 + 直链页面 meta description,2026-08-18::三月雨,primary,,2026-08-20T12:05:00.000Z,从相关页 HTML 中提取候选 BV 后，核验直链页面 title 为【小松绿Viridis】《三月雨》丨“念往昔 我急旋慢转你抚琴低吟”。页面描述未直接写日期，但当前正式曲库中该歌唯一记录 last_sing_at 为 2026-08-18；按用户最新规则，只要明确对应歌曲即可作为 cut_link，因此接受该映射并将日期记为 manual-normalized。
2026-08-18,manual-normalized,2026-08-18（歌切内容判定）,上山岗,title-song-name,初音ミク / ハチ,single,,【小松绿Viridis/歌切】上山岗,https://www.bilibili.com/video/BV1Ca8V6XEbY/,BV1Ca8V6XEbY,华丽失败酱,03:57,小松绿Viridis 歌切（搜索定位）,2026-08-18::上山岗,secondary,https://www.bilibili.com/video/BV1rv8V6DExk/,2026-08-29T06:30:00.000Z,08-19 02:02(UTC+8)发布。
2026-08-18,collection-title-date,8月18日歌切合集,上山岗,collection-chapter-title,,compilation,17-上山岗,【663645TV】神回！我已启动！全力绿来唱完了！8月18日歌切合集【小松绿Viridis】,https://www.bilibili.com/video/BV1rv8V6DExk/,BV1rv8V6DExk,银河的鱼,03:54,合集页 pages 数组提取 + 直链页面 HTML,2026-08-18::上山岗,primary,,2026-08-20T08:42:51.125Z,直接解析 8月18日歌切合集页面 HTML 内嵌 pages 数组，命中 chapter_title=17-上山岗，duration=234 秒。按用户允许的合集章节规则，可用该合集页作为 上山岗 的明确对应 cut_link。
2026-08-18,collection-title-date,8月18日歌切合集,世界は恋に落ちている,collection-chapter-title,,compilation,1-世界は恋に落ちている,【663645TV】神回！我已启动！全力绿来唱完了！8月18日歌切合集【小松绿Viridis】,https://www.bilibili.com/video/BV1rv8V6DExk/,BV1rv8V6DExk,663645TV / 页面未进一步核验,,深层候选 BV 提取 + 直链页面 meta description,2026-08-18::世界は恋に落ちている,primary,,2026-08-20T12:40:00.000Z,深层候选批量结果命中 8月18日歌切合集页面，meta description 明示“共计24条视频，包括：1-世界は恋に落ちている、2-蜜月アン・ドゥ・トロワ、3-君色に染まる等”。按用户允许的合集章节规则，可用该合集页作为明确对应 cut_link。
2026-08-18,description-date,2026.08.18,世末歌者,title-song-name,,single,,【小松绿Viridis/翻唱】《世末歌者》,https://www.bilibili.com/video/BV1jU8L6DErW/,BV1jU8L6DErW,小鸡奇遇記,05:28,直链页面 meta description,2026-08-18::世末歌者,duplicate,2026-08-18::世末歌者,2026-08-20T09:55:00.000Z,直链页面 title 为【小松绿Viridis/翻唱】《世末歌者》，meta description 明示日期 2026.08.18 与 UP 主小鸡奇遇記。由于同日同歌已存在主记录（BV1Pa8V69ECP），本条记为 duplicate。
2026-08-18,description-date,20260818,世末歌者,title-song-name,,single,,【小松绿Viridis/歌切】世末歌者,https://www.bilibili.com/video/BV1Pa8V69ECP/,BV1Pa8V69ECP,华丽失败酱,05:16,"""【小松绿Viridis/歌切】世末歌者"" ""2026-08-18""",2026-08-18::世末歌者,primary,,2026-08-20T08:45:00.000Z,视频标题直接给出真实歌曲名；直链页面 meta description 明示“小松绿Viridis:https://space.bilibili.com/1891335475/20260818”，据此将日期记为 2026-08-18，UP 主为华丽失败酱。
2026-08-18,manual-normalized,2026-08-18（歌切内容判定）,世末歌者,title-song-name,COP / 洛天依,single,,【小松绿Viridis/歌切】世末歌者,https://www.bilibili.com/video/BV1qy8V6yESe/,BV1qy8V6yESe,超级绿考子晴川,05:25,小松绿Viridis 歌切（搜索定位）,2026-08-18::世末歌者,secondary,https://www.bilibili.com/video/BV1Pa8V69ECP/,2026-08-29T06:30:00.000Z,08-19 00:27(UTC+8)发布。
2026-08-18,manual-normalized,2026-08-18（歌切内容判定）,思华年,title-song-name,花之祭P / 洛天依,single,,【小松绿Viridis/歌切】思华年,https://www.bilibili.com/video/BV19g836cEtQ/,BV19g836cEtQ,华丽失败酱,04:09,小松绿Viridis 歌切（搜索定位）,2026-08-18::思华年,secondary,https://www.bilibili.com/video/BV1rv8V6DExk/,2026-08-29T06:30:00.000Z,08-18 23:50(UTC+8)发布。
2026-08-18,collection-title-date,8月18日歌切合集,思华年,collection-chapter-title,,compilation,14-思华年,【663645TV】神回！我已启动！全力绿来唱完了！8月18日歌切合集【小松绿Viridis】,https://www.bilibili.com/video/BV1rv8V6DExk/,BV1rv8V6DExk,银河的鱼,04:13,合集页 pages 数组提取 + 直链页面 HTML,2026-08-18::思华年,primary,,2026-08-20T08:42:51.125Z,直接解析 8月18日歌切合集页面 HTML 内嵌 pages 数组，命中 chapter_title=14-思华年，duration=253 秒。按用户允许的合集章节规则，可用该合集页作为 思华年 的明确对应 cut_link。
2026-08-18,manual-normalized,2026-08-18（歌切内容判定）,碎梦,title-song-name,COP / 洛天依、乐正绫,single,,【小松绿Viridis/歌切】碎梦 乐正绫,https://www.bilibili.com/video/BV11x8V6oE6P/,BV11x8V6oE6P,不要念我的名字我社恐,04:02,小松绿Viridis 歌切（搜索定位）,2026-08-18::碎梦,secondary,https://www.bilibili.com/video/BV1rv8V6DExk/,2026-08-29T06:30:00.000Z,08-19 01:09(UTC+8)发布。
2026-08-18,manual-normalized,2026-08-18（歌切内容判定）,碎梦,title-song-name,COP / 洛天依、乐正绫,single,,【小松绿Viridis】 碎梦,https://www.bilibili.com/video/BV1f18i6GEc3/,BV1f18i6GEc3,忆夏追凉,03:49,小松绿Viridis 歌切（搜索定位）,2026-08-18::碎梦,secondary,https://www.bilibili.com/video/BV1rv8V6DExk/,2026-08-29T06:30:00.000Z,08-21 19:37(UTC+8)发布。
2026-08-18,collection-title-date,8月18日歌切合集,碎梦,collection-chapter-title,,compilation,24-碎梦,【663645TV】神回！我已启动！全力绿来唱完了！8月18日歌切合集【小松绿Viridis】,https://www.bilibili.com/video/BV1rv8V6DExk/,BV1rv8V6DExk,银河的鱼,03:49,合集页 pages 数组提取 + 直链页面 HTML,2026-08-18::碎梦,primary,,2026-08-20T08:42:51.125Z,直接解析 8月18日歌切合集页面 HTML 内嵌 pages 数组，命中 chapter_title=24-碎梦，duration=229 秒。按用户允许的合集章节规则，可用该合集页作为 碎梦 的明确对应 cut_link。
2026-08-18,collection-title-date,8月18日歌切合集,所以我伸出了手,collection-chapter-title,,compilation,15-所以我伸出了手,【663645TV】神回！我已启动！全力绿来唱完了！8月18日歌切合集【小松绿Viridis】,https://www.bilibili.com/video/BV1rv8V6DExk/,BV1rv8V6DExk,银河的鱼,03:15,合集页 pages 数组提取 + 直链页面 HTML,2026-08-18::所以我伸出了手,primary,,2026-08-20T08:42:51.125Z,直接解析 8月18日歌切合集页面 HTML 内嵌 pages 数组，命中 chapter_title=15-所以我伸出了手，duration=195 秒。按用户允许的合集章节规则，可用该合集页作为 所以我伸出了手 的明确对应 cut_link。
2026-08-18,collection-title-date,8月18日歌切合集,外婆的澎湖湾,collection-chapter-title,,compilation,5-外婆的澎湖湾,【663645TV】神回！我已启动！全力绿来唱完了！8月18日歌切合集【小松绿Viridis】,https://www.bilibili.com/video/BV1rv8V6DExk/,BV1rv8V6DExk,银河的鱼,02:58,合集页 pages 数组提取 + 直链页面 HTML,2026-08-18::外婆的澎湖湾,primary,,2026-08-20T08:42:51.125Z,直接解析 8月18日歌切合集页面 HTML 内嵌 pages 数组，命中 chapter_title=5-外婆的澎湖湾，duration=178 秒。按用户允许的合集章节规则，可用该合集页作为 外婆的澎湖湾 的明确对应 cut_link。
2026-08-18,manual-normalized,2026-08-18（歌切内容判定）,外婆的澎湖湾,title-song-name,潘安邦,single,,【小松绿Viridis/歌切】外婆的澎湖湾,https://www.bilibili.com/video/BV1TH836XEsN/,BV1TH836XEsN,华丽失败酱,03:06,小松绿Viridis 歌切（搜索定位）,2026-08-18::外婆的澎湖湾,secondary,https://www.bilibili.com/video/BV1rv8V6DExk/,2026-08-29T06:30:00.000Z,08-18 22:06(UTC+8)发布。
2026-08-18,collection-title-date,8月18日歌切合集,未来は風のように,collection-chapter-title,,compilation,12-未来は風のように,【663645TV】神回！我已启动！全力绿来唱完了！8月18日歌切合集【小松绿Viridis】,https://www.bilibili.com/video/BV1rv8V6DExk/,BV1rv8V6DExk,银河的鱼,04:06,合集页 pages 数组提取 + 直链页面 HTML,2026-08-18::未来は風のように,primary,,2026-08-20T08:42:51.125Z,直接解析 8月18日歌切合集页面 HTML 内嵌 pages 数组，命中 chapter_title=12-未来は風のように，duration=246 秒。按用户允许的合集章节规则，可用该合集页作为 未来は風のように 的明确对应 cut_link。
2026-08-18,manual-normalized,2026-08-18（歌切内容判定）,アスノヨゾラ哨戒班,title-song-name,Orangestar / IA,single,,小松绿夜半火力全开，超高机能演唱《アスノヨゾラ哨戒班》,https://www.bilibili.com/video/BV1Do8V6iEPw/,BV1Do8V6iEPw,不要念我的名字我社恐,03:55,小松绿Viridis 哨戒班（搜索定位）,2026-08-18::アスノヨゾラ哨戒班,secondary,https://www.bilibili.com/video/BV1rv8V6DExk/,2026-08-29T05:40:00.000Z,"2026-08-19 00:50(UTC+8) 发布，标题""夜半火力全开""对应 08-18「小唱一会儿聊」场尾（00:00-00:43）；时长 3:55 与 08-18 歌切合集分P（3:55）完全一致，同一场演出。"
2026-08-18,manual-normalized,2026-08-18（歌切内容判定）,アスノヨゾラ哨戒班,title-song-name,Orangestar / IA,single,,“许下了愿望就去实现吧。”《アスノヨゾラ哨戒班》,https://www.bilibili.com/video/BV1n7826GE9K/,BV1n7826GE9K,霧山_Kiriyama,03:52,小松绿Viridis 哨戒班（搜索定位）,2026-08-18::アスノヨゾラ哨戒班,secondary,https://www.bilibili.com/video/BV1rv8V6DExk/,2026-08-29T05:40:00.000Z,2026-08-22 22:55(UTC+8) 发布；时长 3:52 与 08-18 歌切合集分P《23-アスノヨゾラ哨戒班》（3:55）高度吻合，判定为同一场演出的另一修剪版，非 08-21 后日谈（该场弹幕 0 提及）。
2026-08-18,collection-title-date,8月18日歌切合集,アスノヨゾラ哨戒班,collection-chapter-title,,compilation,23-アスノヨゾラ哨戒班,【663645TV】神回！我已启动！全力绿来唱完了！8月18日歌切合集【小松绿Viridis】,https://www.bilibili.com/video/BV1rv8V6DExk/,BV1rv8V6DExk,银河的鱼,03:55,合集页 pages 数组提取 + 直链页面 HTML,2026-08-18::アスノヨゾラ哨戒班,primary,,2026-08-20T08:42:51.125Z,直接解析 8月18日歌切合集页面 HTML 内嵌 pages 数组，命中 chapter_title=23-アスノヨゾラ哨戒班，duration=235 秒。按用户允许的合集章节规则，可用该合集页作为 アスノヨゾラ哨戒班 的明确对应 cut_link。
2026-08-18,manual-normalized,2026-08-18（歌切内容判定）,アスノヨゾラ哨戒班,title-song-name,Orangestar / IA,single,,【小松绿Viridis/翻唱】《アスノヨゾラ哨戒班》（明日的夜空哨戒班）,https://www.bilibili.com/video/BV1uU8E67E6a/,BV1uU8E67E6a,小鸡奇遇記,03:54,小松绿Viridis 哨戒班（搜索定位）,2026-08-18::アスノヨゾラ哨戒班,secondary,https://www.bilibili.com/video/BV1rv8V6DExk/,2026-08-29T06:30:00.000Z,08-19 13:46(UTC+8)发布。
2026-08-18,collection-title-date,8月18日歌切合集,アヤノの幸福理論,collection-chapter-title,,compilation,8-アヤノの幸福理論,【663645TV】神回！我已启动！全力绿来唱完了！8月18日歌切合集【小松绿Viridis】,https://www.bilibili.com/video/BV1rv8V6DExk/,BV1rv8V6DExk,银河的鱼,05:33,合集页 pages 数组提取 + 直链页面 HTML,2026-08-18::アヤノの幸福理論,primary,,2026-08-20T08:42:51.125Z,直接解析 8月18日歌切合集页面 HTML 内嵌 pages 数组，命中 chapter_title=8-アヤノの幸福理論，duration=333 秒。按用户允许的合集章节规则，可用该合集页作为 アヤノの幸福理論 的明确对应 cut_link。
2026-08-18,description-date,2026.08.18,シリウスの心臓,title-song-name,,single,,【小松绿Viridis/翻唱】《シリウスの心臓》（天狼星的心脏）,https://www.bilibili.com/video/BV1aZ8L6CE6x/,BV1aZ8L6CE6x,小鸡奇遇記,04:52,直链页面 meta description,2026-08-18::シリウスの心臓,primary,,2026-08-20T10:20:00.000Z,直链页面 title 为【小松绿Viridis/翻唱】《シリウスの心臓》（天狼星的心脏），meta description 明示日期 2026.08.18 与 UP 主小鸡奇遇記。song_name 归一化为真实曲名“シリウスの心臓”。
2026-08-18,manual-normalized,2026-08-18（歌切内容判定）,シリウスの心臓,title-song-name,傘村トータ / IA,single,,【小松绿Viridis/歌切】天狼星的心脏,https://www.bilibili.com/video/BV1BC8V6LE1T/,BV1BC8V6LE1T,华丽失败酱,04:55,小松绿Viridis 歌切（搜索定位）,2026-08-18::シリウスの心臓,secondary,https://www.bilibili.com/video/BV1aZ8L6CE6x/,2026-08-29T06:30:00.000Z,08-19 01:49(UTC+8)发布。
2026-08-18,manual-normalized,2026-08-18（歌切内容判定）,シリウスの心臓,title-song-name,傘村トータ / IA,single,,【小松绿Viridis】 シリウスの心臓/天狼星的心脏,https://www.bilibili.com/video/BV1U88766EkQ/,BV1U88766EkQ,忆夏追凉,04:56,小松绿Viridis 歌切（搜索定位）,2026-08-18::シリウスの心臓,secondary,https://www.bilibili.com/video/BV1aZ8L6CE6x/,2026-08-29T06:30:00.000Z,08-19 17:26(UTC+8)发布。
2026-08-15,description-date,2026.08.15,故梦,title-song-name,,single,,【小松绿Viridis/翻唱】《故梦》,https://www.bilibili.com/video/BV1FybC6PE5D/,BV1FybC6PE5D,小鸡奇遇記,04:41,直链页面 meta description,2026-08-15::故梦,primary,,2026-08-20T10:20:00.000Z,直链页面 title 为【小松绿Viridis/翻唱】《故梦》，meta description 明示日期 2026.08.15 与 UP 主小鸡奇遇記。song_name 归一化为真实曲名“故梦”。
2026-08-15,collection-title-date,2026年08月15日,航向你的海岛,title-song-name,阿良良木健 / 洛天依,single,,【小松绿Viridis/歌切】航向你的海岛,https://www.bilibili.com/video/BV1iRbC6xEBW/,BV1iRbC6xEBW,华丽失败酱,04:41,小松绿Viridis 歌切（搜索定位）,2026-08-15::航向你的海岛,secondary,https://www.bilibili.com/video/BV1oxbQ67EM1/,2026-08-29T06:30:00.000Z,08-15 22:56(UTC+8)发布（当场直播中）。
2026-08-15,description-date,2026.08.15,航向你的海岛,title-song-name,,single,,【小松绿Viridis/翻唱】《航向你的海岛》,https://www.bilibili.com/video/BV1oxbQ67EM1/,BV1oxbQ67EM1,小鸡奇遇記,,直链页面 title / meta description,2026-08-15::航向你的海岛,primary,,2026-08-20T09:03:04.932Z,直链页面 meta description 明示日期 2026.08.15，标题直接给出真实歌曲名《航向你的海岛》，可作为当日 song-cut-first 增量收录。
2026-08-15,collection-title-date,2026年08月15日,蝴蝶,collection-chapter-title,洛天依Official,collection-chapter,P8 蝴蝶,【小松绿Viridis】20260815 歌切,https://www.bilibili.com/video/BV1idb16YEjD/?p=8,BV1idb16YEjD,心灵火Flame,03:34,小松绿Viridis 歌切（搜索定位）,2026-08-15::蝴蝶,primary,,2026-08-29T06:30:00.000Z,2026-08-29 补充：08-15 歌？杂？场蝴蝶（洛天依Official，温莨词/瞿子千曲），08-18 场另有演唱与 primary（银河的鱼合集）。
2026-08-15,collection-title-date,2026年08月15日,锦鲤抄,title-song-name,云の泣、银临,single,,【小松绿Viridis/歌切】锦鲤抄,https://www.bilibili.com/video/BV16bby6AEwd/,BV16bby6AEwd,华丽失败酱,04:05,小松绿Viridis 歌切（搜索定位）,2026-08-15::锦鲤抄,secondary,https://www.bilibili.com/video/BV17bby6AEr6/,2026-08-29T06:30:00.000Z,08-15 21:38(UTC+8)发布（当场直播中）。
2026-08-15,description-date,2026.08.15,锦鲤抄,title-song-name,,single,,【小松绿Viridis/翻唱】《锦鲤抄》,https://www.bilibili.com/video/BV17bby6AEr6/,BV17bby6AEr6,小鸡奇遇記,04:05,直链页面 meta description,2026-08-15::锦鲤抄,primary,,2026-08-20T10:20:00.000Z,直链页面 title 为【小松绿Viridis/翻唱】《锦鲤抄》，meta description 明示日期 2026.08.15 与 UP 主小鸡奇遇記。song_name 归一化为真实曲名“锦鲤抄”。
2026-08-15,collection-title-date,2026年08月15日,女孩你为何踮脚尖,collection-chapter-title,Ddickky / 墨兰花语 / 洛天依,collection-chapter,P12 女孩你为何踮脚尖,【小松绿Viridis】20260815 歌切,https://www.bilibili.com/video/BV1idb16YEjD/?p=12,BV1idb16YEjD,心灵火Flame,04:59,小松绿Viridis 歌切（搜索定位）,2026-08-15::女孩你为何踮脚尖,primary,,2026-08-29T06:30:00.000Z,萌百核实：秦楼凤吹制作/Ddickky 2015-04 投稿，洛天依演唱，平行四界收录。
2026-08-15,collection-title-date,2026年08月15日,女孩你为何踮脚尖,collection-chapter-title,Ddickky / 墨兰花语 / 洛天依,collection-chapter,P12 女孩你为何踮脚尖-1,【小松绿Viridis】2026-08-15 歌切,https://www.bilibili.com/video/BV1x7b26EE8C/?p=12,BV1x7b26EE8C,也许是因为我喜欢,04:59,小松绿Viridis 歌切（搜索定位）,2026-08-15::女孩你为何踮脚尖,secondary,https://www.bilibili.com/video/BV1idb16YEjD/?p=12,2026-08-29T06:30:00.000Z,
2026-08-15,description-date,2026.08.15,山遥路远,title-song-name,,single,,【小松绿Viridis/翻唱】《山遥路远》,https://www.bilibili.com/video/BV1F7bQ69EGv/,BV1F7bQ69EGv,小鸡奇遇記,04:36,直链页面 meta description,2026-08-15::山遥路远,primary,,2026-08-20T10:20:00.000Z,直链页面 title 为【小松绿Viridis/翻唱】《山遥路远》，meta description 明示日期 2026.08.15 与 UP 主小鸡奇遇記。song_name 归一化为真实曲名“山遥路远”。
2026-08-15,description-date,2026.08.15,霜雪千年,title-song-name,,single,,【小松绿Viridis/翻唱】《霜雪千年》,https://www.bilibili.com/video/BV1BmbC6cEAs/,BV1BmbC6cEAs,小鸡奇遇記,,直链页面 title / meta description,2026-08-15::霜雪千年,primary,,2026-08-20T09:03:04.932Z,直链页面 meta description 明示日期 2026.08.15，标题直接给出真实歌曲名《霜雪千年》，可作为当日 song-cut-first 增量收录。
2026-08-15,collection-title-date,2026年08月15日,四重罪孽,title-song-name,DELA / 雨狸 / 洛天依、言和、乐正绫,single,,【松绿歌】四重罪孽,https://www.bilibili.com/video/BV1Aqba6uEF8/,BV1Aqba6uEF8,垒下浮云,03:38,小松绿Viridis 歌切（搜索定位）,2026-08-15::四重罪孽,secondary,https://www.bilibili.com/video/BV1idb16YEjD/?p=6,2026-08-29T06:30:00.000Z,08-17 15:46(UTC+8)发布。
2026-08-15,collection-title-date,2026年08月15日,四重罪孽,collection-chapter-title,DELA / 雨狸 / 洛天依、言和、乐正绫,collection-chapter,P6 四重罪孽,【小松绿Viridis】20260815 歌切,https://www.bilibili.com/video/BV1idb16YEjD/?p=6,BV1idb16YEjD,心灵火Flame,03:50,小松绿Viridis 歌切（搜索定位）,2026-08-15::四重罪孽,primary,,2026-08-29T06:30:00.000Z,萌百核实 DELA×雨狸 2016-03-26，洛天依/言和/乐正绫。
2026-08-15,collection-title-date,2026年08月15日,四重罪孽,collection-chapter-title,DELA / 雨狸 / 洛天依、言和、乐正绫,collection-chapter,P6 四重罪孽-1,【小松绿Viridis】2026-08-15 歌切,https://www.bilibili.com/video/BV1x7b26EE8C/?p=6,BV1x7b26EE8C,也许是因为我喜欢,03:50,小松绿Viridis 歌切（搜索定位）,2026-08-15::四重罪孽,secondary,https://www.bilibili.com/video/BV1idb16YEjD/?p=6,2026-08-29T06:30:00.000Z,
2026-08-15,description-date,2026.08.15,外婆桥,title-song-name,,single,,【小松绿Viridis/翻唱】《外婆桥》,https://www.bilibili.com/video/BV1PubQ6FEh6/,BV1PubQ6FEh6,小鸡奇遇記,04:10,直链页面 meta description,2026-08-15::外婆桥,primary,,2026-08-20T09:55:00.000Z,直链页面 title 为【小松绿Viridis/翻唱】《外婆桥》，meta description 明示日期 2026.08.15 与 UP 主小鸡奇遇記。song_name 归一化为真实曲名“外婆桥”。
2026-08-15,description-date,2026.08.15,我的悲伤是水做的,title-song-name,,single,,【小松绿Viridis/翻唱】《我的悲伤是水做的》,https://www.bilibili.com/video/BV1AJby6gECN/,BV1AJby6gECN,小鸡奇遇記,03:44,直链页面 meta description,2026-08-15::我的悲伤是水做的,primary,,2026-08-20T10:20:00.000Z,直链页面 title 为【小松绿Viridis/翻唱】《我的悲伤是水做的》，meta description 明示日期 2026.08.15 与 UP 主小鸡奇遇記。song_name 归一化为真实曲名“我的悲伤是水做的”。
2026-08-15,description-date,2026.08.15,我多想说再见啊,title-song-name,,single,,【小松绿Viridis/翻唱】《我多想说再见啊》,https://www.bilibili.com/video/BV1Z8by6aEGy/,BV1Z8by6aEGy,小鸡奇遇記,,直链页面 title / meta description,2026-08-15::我多想说再见啊,primary,,2026-08-20T09:03:04.932Z,直链页面 meta description 明示日期 2026.08.15，标题直接给出真实歌曲名《我多想说再见啊》，可作为当日 song-cut-first 增量收录。
2026-08-15,collection-title-date,2026年08月15日,虚拟,title-song-name,陈粒,single,,【松绿歌】虚拟,https://www.bilibili.com/video/BV127bv6UEnN/,BV127bv6UEnN,垒下浮云,03:19,小松绿Viridis 歌切（搜索定位）,2026-08-15::虚拟,secondary,https://www.bilibili.com/video/BV1idb16YEjD/?p=10,2026-08-29T06:30:00.000Z,08-17 16:16(UTC+8)发布。
2026-08-15,collection-title-date,2026年08月15日,虚拟,title-song-name,陈粒,single,,【小松绿Viridis】歌切 《虚拟》,https://www.bilibili.com/video/BV18Xb26sEYg/,BV18Xb26sEYg,祝理安_,03:51,小松绿Viridis 歌切（搜索定位）,2026-08-15::虚拟,secondary,https://www.bilibili.com/video/BV1idb16YEjD/?p=10,2026-08-29T06:30:00.000Z,08-15 23:45(UTC+8)发布（当场直播中出切）。
2026-08-15,collection-title-date,2026年08月15日,虚拟,collection-chapter-title,陈粒,collection-chapter,P10 虚拟,【小松绿Viridis】20260815 歌切,https://www.bilibili.com/video/BV1idb16YEjD/?p=10,BV1idb16YEjD,心灵火Flame,03:53,小松绿Viridis 歌切（搜索定位）,2026-08-15::虚拟,primary,,2026-08-29T06:30:00.000Z,判定为陈粒《虚拟》（中V无同名曲），歌手待复核。
2026-08-15,collection-title-date,2026年08月15日,虚拟,collection-chapter-title,陈粒,collection-chapter,P10 虚拟-1,【小松绿Viridis】2026-08-15 歌切,https://www.bilibili.com/video/BV1x7b26EE8C/?p=10,BV1x7b26EE8C,也许是因为我喜欢,03:53,小松绿Viridis 歌切（搜索定位）,2026-08-15::虚拟,secondary,https://www.bilibili.com/video/BV1idb16YEjD/?p=10,2026-08-29T06:30:00.000Z,
2026-08-15,description-date,2026.08.15,一半一半,title-song-name,,single,,【小松绿Viridis/翻唱】《一半一半》,https://www.bilibili.com/video/BV1mgby6LEhy/,BV1mgby6LEhy,小鸡奇遇記,,直链页面 title / meta description,2026-08-15::一半一半,primary,,2026-08-20T09:03:04.932Z,直链页面 meta description 明示日期 2026.08.15，标题直接给出真实歌曲名《一半一半》，可作为当日 song-cut-first 增量收录。
2026-08-15,collection-title-date,2026年08月15日,一半一半,title-song-name,洛天依 / 依溪禾,single,,【小松绿Viridis/歌切】一半一半,https://www.bilibili.com/video/BV1n4by6eEMW/,BV1n4by6eEMW,华丽失败酱,04:31,小松绿Viridis 歌切（搜索定位）,2026-08-15::一半一半,secondary,https://www.bilibili.com/video/BV1mgby6LEhy/,2026-08-29T06:30:00.000Z,08-15 21:24(UTC+8)发布（当场直播中）。
2026-08-15,description-date,2026.8.15晚,雨爱,title-song-name,杨丞琳,single,,【小松绿】《雨爱》,https://www.bilibili.com/video/BV1YZbC6WEJJ/,BV1YZbC6WEJJ,给我来打二向箔,,直链页面 title / meta description / 相关候选网络人工归一,2026-08-15::雨爱,primary,,2026-08-20T09:07:51.220Z,直链页面 meta description 明示日期 2026.8.15 晚，标题直接给出真实歌曲名《雨爱》，可作为当日 song-cut-first 增量收录。
2026-08-15,collection-title-date,2026年08月15日,月出,title-song-name,双笙,single,,【松绿歌】月出,https://www.bilibili.com/video/BV18sba67EZa/,BV18sba67EZa,垒下浮云,04:00,小松绿Viridis 歌切（搜索定位）,2026-08-15::月出,secondary,https://www.bilibili.com/video/BV1idb16YEjD/?p=2,2026-08-29T06:30:00.000Z,08-17 15:09(UTC+8)发布。
2026-08-15,collection-title-date,2026年08月15日,月出,collection-chapter-title,双笙,collection-chapter,P2 月出,【小松绿Viridis】20260815 歌切,https://www.bilibili.com/video/BV1idb16YEjD/?p=2,BV1idb16YEjD,心灵火Flame,04:00,小松绿Viridis 歌切（搜索定位）,2026-08-15::月出,primary,,2026-08-29T06:30:00.000Z,萌百核实：双笙演唱，词温莨/曲徐梦圆，2016-04-16。
2026-08-15,collection-title-date,2026年08月15日,月出,collection-chapter-title,双笙,collection-chapter,P2 月出-1,【小松绿Viridis】2026-08-15 歌切,https://www.bilibili.com/video/BV1x7b26EE8C/?p=2,BV1x7b26EE8C,也许是因为我喜欢,04:00,小松绿Viridis 歌切（搜索定位）,2026-08-15::月出,secondary,https://www.bilibili.com/video/BV1idb16YEjD/?p=2,2026-08-29T06:30:00.000Z,
2026-08-12,description-date,20260812 晚,勾指起誓,title-song-name,,single,,【小松绿|羽啾】“说好从今以后都牵着手 因为要走很远”《勾指起誓》【虚空合唱】,https://www.bilibili.com/video/BV1WGbk6KESs/,BV1WGbk6KESs,银河的鱼,,深层候选 BV 提取 + 直链页面 meta description,2026-08-12::勾指起誓,primary,,2026-08-20T12:40:00.000Z,从深层候选 BV 批量核验中命中标题【小松绿|羽啾】“说好从今以后都牵着手 因为要走很远”《勾指起誓》【虚空合唱】。页面描述中直播链接后附带 20260812 晚，且标题明确对应正式曲库歌曲“勾指起誓”；按用户最新规则，该明确对应歌切可直接作为 cut_link。
2026-08-12,cut-title-date,2026-08-12,月巷,title-song-name,乐正绫,single,,【小松绿Viridis|歌切】月巷 8.12,https://www.bilibili.com/video/BV1Msg56SEuV/,BV1Msg56SEuV,银河的鱼,03:48,用户提供歌切,2026-08-12::月巷,primary,,2026-08-25T15:30:09.464Z,vcpedia 核实：乐正绫演唱，2024 虚拟歌手贺岁纪单品。
2026-08-11,manual-normalized,日期未在页面显式写出；按正式曲库当前唯一对应演唱日期回填,白鸟过河滩,title-song-name,,single,,【小松绿Viridis】《白鸟过河滩》丨“我摘下我的翅膀 它变成白鸟”,https://www.bilibili.com/video/BV1etuz6fEaa/,BV1etuz6fEaa,秋月遥zuki,,候选 BV 提取 + 直链页面 meta description,2026-08-11::白鸟过河滩,primary,,2026-08-20T12:05:00.000Z,从相关页 HTML 中提取候选 BV 后，核验直链页面 title 为【小松绿Viridis】《白鸟过河滩》丨“我摘下我的翅膀 它变成白鸟”。页面描述未直接写日期，但当前正式曲库中该歌唯一记录 last_sing_at 为 2026-08-11；按用户最新规则，只要明确对应歌曲即可作为 cut_link，因此接受该映射并将日期记为 manual-normalized。
2026-08-11,manual-normalized,pubdate-near-20260811,苍蝇,title-song-name,,single,,【小松绿Viridis/歌切】苍蝇,https://www.bilibili.com/video/BV1SKuC68Eaj/,BV1SKuC68Eaj,超级绿考子晴川,,"Bilibili targeted search by ""小松绿 歌名"" + direct view metadata verification",2026-08-11::苍蝇,primary,,2026-08-20T09:52:03.559Z,"Bilibili search result title directly names 苍蝇 and description links to Xiaosonglu; view metadata confirms title/description. Video pubdate is 2026-08-12T04:24:47Z, close to the 2026-08-11 singing replay, so under the user-relaxed rule it can serve as the corresponding cut_link."
2026-08-11,manual-normalized,20260811-cluster,春日影,title-song-name,,single,,【小松绿Viridis】《春日影》丨VR自研羊宫妃那,https://www.bilibili.com/video/BV19Cum6DERH/,BV19Cum6DERH,秋月遥zuki,,直链页面 title / meta description + 相关候选网络人工归一,2026-08-11::春日影,primary,,2026-08-20T08:56:32.700Z,视频标题直接给出真实歌曲名；日期未直写，但与同一批 2026-08-11 歌切候选同网出现，先按 2026-08-11 manual-normalized 收录。
2026-08-11,manual-normalized,20260811-cluster,匆匆那年,title-song-name,王菲,single,,【小松绿viridis】《匆匆那年》丨“我们要互相亏欠，我们要藕断丝连”,https://www.bilibili.com/video/BV1BUbC68EP6/,BV1BUbC68EP6,秋月遥zuki,,直链页面 title / meta description / 相关候选网络人工归一,2026-08-11::匆匆那年,primary,,2026-08-20T09:07:51.220Z,视频标题直接给出真实歌曲名《匆匆那年》；页面未直写日期，但该条与《偏食》《下等马》《月が綺麗ね》《春日影》《白鸟过河滩》等同属 2026-08-11 歌切候选网络，按当前 song-cut-first 流程先以 2026-08-11 manual-normalized 收录。
2026-08-11,manual-normalized,2026-08-11（歌切内容判定）,炼金少女日志,title-song-name,时之歌Project（泛音堂）/ 言和,single,,【小松绿Viridis/歌切】炼金少女日志,https://www.bilibili.com/video/BV1i8gV6xExv/,BV1i8gV6xExv,超级绿考子晴川,04:17,小松绿 炼金少女日志（搜索定位）,2026-08-11::炼金少女日志,primary,,2026-08-29T06:30:00.000Z,08-12 13:59(UTC+8)发布；萌百核实时之歌Project 2017 言和演唱。
2026-08-11,manual-normalized,2026-08-11（歌切内容判定）,炼金少女日志,collection-chapter-title,时之歌Project（泛音堂）/ 言和,collection-chapter,P4 炼金少女日志,【小松绿Viridis】2026-08-11 部分歌切,https://www.bilibili.com/video/BV1unu66WEHb/?p=4,BV1unu66WEHb,也许是因为我喜欢,04:17,小松绿Viridis 歌切（搜索定位）,2026-08-11::炼金少女日志,secondary,https://www.bilibili.com/video/BV1i8gV6xExv/,2026-08-29T06:30:00.000Z,
2026-08-11,manual-normalized,20260811-cluster,恋爱困难少女,title-song-name,,single,,“你喜欢怎样的女孩？”《恋爱困难少女》【小松绿Viridis｜歌切】,https://www.bilibili.com/video/BV1QTgJ6vEdB/,BV1QTgJ6vEdB,霧山_Kiriyama,,直链页面 title / meta description / 相关候选网络人工归一,2026-08-11::恋爱困难少女,primary,,2026-08-20T09:10:44.524Z,标题明确给出《恋爱困难少女》且注明为“小松绿Viridis｜歌切”；页面未直写日期，但该条出现在 8/11 歌切候选网络中，并与单相思、春日影、下等马等同批小松绿歌切强关联，按当前 song-cut-first 流程先以 2026-08-11 manual-normalized 收录。
2026-08-11,description-date,20260811,玛德琳娜电塔,title-song-name,,single,,【小松绿Viridis】《玛德琳娜电塔(Mardayline Tower)》,https://www.bilibili.com/video/BV1bCuz6UEAV/,BV1bCuz6UEAV,天生就喜欢笑,,"Bilibili targeted search by ""小松绿 歌名"" + direct view metadata verification",2026-08-11::玛德琳娜电塔,primary,,2026-08-20T09:52:03.559Z,"Search result and direct view metadata both confirm exact song title 《玛德琳娜电塔(Mardayline Tower)》; description explicitly carries 20260811 plus Xiaosonglu space link, so it is a clear same-day corresponding cut."
2026-08-11,description-date,20260811,目的论,title-song-name,,single,,【小松绿Viridis】《目的论》,https://www.bilibili.com/video/BV1gzuz6pE4C/,BV1gzuz6pE4C,天生就喜欢笑,,"Bilibili targeted search by ""小松绿 歌名"" + direct view metadata verification",2026-08-11::目的论,primary,,2026-08-20T09:52:03.559Z,"Search result and direct view metadata both confirm exact song title 《目的论》; description explicitly carries 20260811 plus Xiaosonglu space link, so it is a clear same-day corresponding cut."
2026-08-11,manual-normalized,2026-08-11（歌切内容判定）,目的论,title-song-name,阿良良木健 / 洛天依,single,,【小松绿Viridis/歌切】目的论,https://www.bilibili.com/video/BV1QCuC6NESq/,BV1QCuC6NESq,超级绿考子晴川,04:28,小松绿Viridis 歌切（搜索定位）,2026-08-11::目的论,secondary,https://www.bilibili.com/video/BV1gzuz6pE4C/,2026-08-29T06:30:00.000Z,08-12 11:52(UTC+8)发布。
2026-08-11,manual-normalized,20260811-cluster,偏食,title-song-name,,single,,【小松绿Viridis】《偏食》丨“亲爱的，干脆将我吃掉吧❤”,https://www.bilibili.com/video/BV1yJu16bETb/,BV1yJu16bETb,秋月遥zuki,,直链页面 title / meta description + 相关候选网络人工归一,2026-08-11::偏食,primary,,2026-08-20T08:56:32.700Z,视频标题直接给出真实歌曲名；日期未直写，但与同一批 2026-08-11 歌切候选同网出现，先按 2026-08-11 manual-normalized 收录。
2026-08-11,cut-title-date,2026-08-11,青鸟衔风,title-song-name,海伊 / 诗岸,single,,【小松绿Viridis】《青鸟衔风》,https://www.bilibili.com/video/BV1mwuz62EfH/,BV1mwuz62EfH,天生就喜欢笑,03:04,用户提供歌切,2026-08-11::青鸟衔风,primary,,2026-08-25T15:36:57.645Z,萌百核实：忘川风华录 2019-12-14，海伊与诗岸演唱。
2026-08-11,manual-normalized,20260811-cluster,食虫植物,title-song-name,理芽,single,,【小松绿Viridis】《食虫植物》丨“请不要离开好吗？”,https://www.bilibili.com/video/BV1fUuy6SEYm/,BV1fUuy6SEYm,秋月遥zuki,,直链页面 title / meta description / 相关候选网络人工归一,2026-08-11::食虫植物,primary,,2026-08-20T09:07:51.220Z,视频标题直接给出真实歌曲名《食虫植物》；页面未直写日期，但该条与《偏食》《下等马》《月が綺麗ね》《春日影》《白鸟过河滩》等同属 2026-08-11 歌切候选网络，按当前 song-cut-first 流程先以 2026-08-11 manual-normalized 收录。
2026-08-11,manual-normalized,20260811-cluster,下等马,title-song-name,ChiliChill,single,,【小松绿Viridis】《下等马》丨“一身素青纱 草柄当头花”,https://www.bilibili.com/video/BV17Wuz6YEci/,BV17Wuz6YEci,秋月遥zuki,,直链页面 title / meta description + 相关候选网络人工归一,2026-08-11::下等马,primary,,2026-08-20T08:56:32.700Z,视频标题直接给出真实歌曲名；日期未在简介中直写，但该条与 BV1znuz6eED5《单相思》、BV1etuz6fEaa《白鸟过河滩》同属 2026-08-11 歌切候选网络，按当前 song-cut-first 流程先以 2026-08-11 manual-normalized 收录。
2026-08-11,manual-normalized,20260811-cluster,月が綺麗ね,manual-normalized,,single,,【小松绿viridis】月が綺麗ねと言われたい！丨想听你说月色真美,https://www.bilibili.com/video/BV1F7uz6qEKN/,BV1F7uz6qEKN,秋月遥zuki,,直链页面 title / meta description + 相关候选网络人工归一,2026-08-11::月が綺麗ね,primary,,2026-08-20T08:56:32.700Z,标题核心曲名可归一化为“月が綺麗ね”；日期未直写，但与同一批 2026-08-11 歌切候选同网出现，先按 2026-08-11 manual-normalized 收录，备注保留原始花字标题。
2026-08-11,manual-normalized,2026-08-11（歌切内容判定）,月が綺麗ね,title-song-name,まらしぃ / 初音ミク,single,,讨厌？讨厌？但是喜欢！《月が綺麗ねと言われたい！》,https://www.bilibili.com/video/BV1pGgF6hEng/,BV1pGgF6hEng,霧山_Kiriyama,02:33,小松绿Viridis 歌切（搜索定位）,2026-08-11::月が綺麗ね,secondary,https://www.bilibili.com/video/BV1F7uz6qEKN/,2026-08-29T06:30:00.000Z,08-14 01:50(UTC+8)发布，判定为08-11中v歌回场。
2026-08-11,manual-normalized,2026-08-11（歌切内容判定）,カタオモイ,title-song-name,Aimer,single,,只希望你能一直在我身边。《カタオモイ》,https://www.bilibili.com/video/BV1FagM6SEHT/,BV1FagM6SEHT,霧山_Kiriyama,03:34,小松绿Viridis 歌切（搜索定位）,2026-08-11::カタオモイ,secondary,https://www.bilibili.com/video/BV1znuz6eED5/,2026-08-29T06:30:00.000Z,08-15 01:02(UTC+8)发布，判定为08-11中v歌回场。
2026-08-11,description-date,20260811,カタオモイ,manual-normalized,Aimer,single,,【小松绿Viridis】单相思,https://www.bilibili.com/video/BV1znuz6eED5/,BV1znuz6eED5,华丽失败酱,,直链页面 title / meta description + 相关候选网络人工归一,2026-08-11::カタオモイ,primary,,2026-08-20T08:56:32.700Z,直链页面 meta description 明示 20260811；视频标题使用中文译名“单相思”，按真实曲名归一化为 Aimer《カタオモイ》，display_song_name 保留为“单相思”。
2026-08-10,description-date,20260810,太聪明,title-song-name,,single,,【小松绿Viridis】《太聪明》,https://www.bilibili.com/video/BV1FMud6mEuh/,BV1FMud6mEuh,天生就喜欢笑,,User-provided direct link + direct view metadata verification,2026-08-10::太聪明,primary,,2026-08-20T10:10:09.821Z,"Direct page metadata confirms title 【小松绿Viridis】《太聪明》 and description 20260810 + Xiaosonglu space link, so under the user-relaxed rule this is a clear same-day corresponding cut."
2026-08-10,description-date,20260810,踊り子,title-song-name,Vaundy,single,,【小松绿Viridis】《踊り子》（练歌）,https://www.bilibili.com/video/BV1NZuR6sE7m/,BV1NZuR6sE7m,天生就喜欢笑,,直链页面 title / meta description,2026-08-10::踊り子,primary,,2026-08-20T09:03:04.932Z,直链页面 meta description 明示日期 20260810；标题直接给出真实歌曲名《踊り子》，并说明为练歌片段，可作为当日 song-cut-first 增量收录。
2026-08-09,description-date,2026.08.09,虫儿飞,title-song-name,,single,,【小松绿Viridis/翻唱】《虫儿飞》,https://www.bilibili.com/video/BV1RZuy6CEjs/,BV1RZuy6CEjs,小鸡奇遇記,01:45,直链页面 meta description,2026-08-09::虫儿飞,primary,,2026-08-20T09:05:00.000Z,直链页面 title 为【小松绿Viridis/翻唱】《虫儿飞》，meta description 明示日期 2026.08.09 与 UP 主小鸡奇遇記。song_name 归一化为真实曲名“虫儿飞”。
2026-08-09,description-date,2026.08.09,词不达意,title-song-name,林忆莲,single,,【小松绿Viridis/翻唱】《词不达意》,https://www.bilibili.com/video/BV1qqum6REJB/,BV1qqum6REJB,小鸡奇遇記,,直链页面 title / meta description / 相关候选网络人工归一,2026-08-09::词不达意,primary,,2026-08-20T09:10:44.524Z,直链页面 meta description 明示日期 2026.08.09，标题直接给出真实歌曲名《词不达意》，可作为当日 song-cut-first 增量收录。
2026-08-09,description-date,2026.8.9下午,横竖撇点折,title-song-name,,single,,【小松绿】《横竖撇点折》,https://www.bilibili.com/video/BV1aUum67E7g/,BV1aUum67E7g,给我来打二向箔,,直链页面 title / meta description / 相关候选网络人工归一,2026-08-09::横竖撇点折,primary,,2026-08-20T09:07:51.220Z,直链页面 meta description 明示日期 2026.8.9 下午，标题直接给出真实歌曲名《横竖撇点折》，可作为当日 song-cut-first 增量收录。
2026-08-09,description-date,2026.08.09,花粉症,title-song-name,,single,,【小松绿Viridis/翻唱】《花粉症》,https://www.bilibili.com/video/BV11ju16hExN/,BV11ju16hExN,小鸡奇遇記,03:10,直链页面 meta description,2026-08-09::花粉症,primary,,2026-08-20T09:55:00.000Z,直链页面 title 为【小松绿Viridis/翻唱】《花粉症》，meta description 明示日期 2026.08.09 与 UP 主小鸡奇遇記。song_name 归一化为真实曲名“花粉症”。
2026-08-09,description-date,20260809,绝不认输,title-song-name,,single,,【小松绿Viridis】老鼠蟑螂陪我过夜！小声跟唱《绝不认输》,https://www.bilibili.com/video/BV1A1uy69EPP/,BV1A1uy69EPP,天生就喜欢笑,,直链页面 title / meta description,2026-08-09::绝不认输,primary,,2026-08-20T09:03:04.932Z,直链页面 meta description 明示日期 20260809；标题明确写出“小声跟唱《绝不认输》”，属于较短的明确演唱片段，按当前 song-cut-first 流程先收录并保留轻声跟唱说明。
2026-08-09,description-date,2026.08.09,木偶,title-song-name,,single,,【小松绿Viridis/翻唱】《木偶》,https://www.bilibili.com/video/BV1ppu16tE99/,BV1ppu16tE99,小鸡奇遇記,,直链页面 title / meta description,2026-08-09::木偶,primary,,2026-08-20T09:03:04.932Z,直链页面 meta description 明示日期 2026.08.09，标题直接给出真实歌曲名《木偶》，可作为当日 song-cut-first 增量收录。
2026-08-09,description-date,2026.8.9下午,青柠,title-song-name,,single,,【小松绿】《青柠》,https://www.bilibili.com/video/BV1gTu16BEjy/,BV1gTu16BEjy,给我来打二向箔,03:17,候选 BV 提取 + 直链页面 meta description,2026-08-09::青柠,primary,,2026-08-20T12:05:00.000Z,从相关页 HTML 中提取候选 BV 后，核验直链页面 title 为【小松绿】《青柠》，meta description 明示 2026.8.9 下午。该标题直接对应正式曲库歌曲“青柠”，可作为 cut_link。
2026-08-09,description-date,2026.08.09,人间失宠,title-song-name,,single,,【小松绿Viridis/翻唱】《人间失宠》,https://www.bilibili.com/video/BV1yEu16FEQe/,BV1yEu16FEQe,小鸡奇遇記,04:07,直链页面 meta description,2026-08-09::人间失宠,primary,,2026-08-20T09:05:00.000Z,直链页面 title 为【小松绿Viridis/翻唱】《人间失宠》，meta description 明示日期 2026.08.09 与 UP 主小鸡奇遇記。song_name 归一化为真实曲名“人间失宠”。
2026-08-09,manual-normalized,日期未在页面显式写出；按正式曲库当前唯一对应演唱日期回填,苏州河,title-song-name,,single,,【绿的歌】苏州河,https://www.bilibili.com/video/BV1qqum6REvu/,BV1qqum6REvu,圆圆帽小莫,,候选 BV 提取 + 直链页面 meta description,2026-08-09::苏州河,primary,,2026-08-20T12:05:00.000Z,从相关页 HTML 中提取候选 BV 后，核验直链页面 title 为【绿的歌】苏州河，页面描述指向小松绿 Viridis。页面未直接写日期，但当前正式曲库中该歌唯一记录 last_sing_at 为 2026-08-09；按用户最新规则，只要明确对应歌曲即可作为 cut_link，因此接受该映射并将日期记为 manual-normalized。
2026-08-09,manual-normalized,pubdate-near-20260809,棠梨煎雪,title-song-name,,single,,棠梨煎雪 歌切【小松绿】,https://www.bilibili.com/video/BV1Lcum6nEva/,BV1Lcum6nEva,海鲸颂晚UwU,,"Bilibili targeted search by ""小松绿 歌名"" + direct view metadata verification",2026-08-09::棠梨煎雪,primary,,2026-08-20T09:52:03.559Z,"Bilibili search result title directly names 棠梨煎雪 and identifies Xiaosonglu; view metadata confirms the title plus Xiaosonglu live-room / space links. Video pubdate is 2026-08-09T12:03:55Z, close to the 2026-08-09 singing replay, so under the user-relaxed rule it can serve as the corresponding cut_link."
2026-08-09,description-date,2026年8月9日,跳楼机,title-song-name,,single,,【小松绿Viridis】跳楼机,https://www.bilibili.com/video/BV1izum6WEZf/,BV1izum6WEZf,キラル,03:17,候选 BV 提取 + 直链页面 meta description,2026-08-09::跳楼机,primary,,2026-08-20T12:05:00.000Z,从相关页 HTML 中提取候选 BV 后，核验直链页面 title 为【小松绿Viridis】跳楼机，meta description 明示剪辑自 2026年08月09日直播。按用户最新规则，只要明确对应歌曲即可作为 cut_link。
2026-08-09,description-date,2026.08.09,小幸运,title-song-name,,single,,【小松绿Viridis/翻唱】《小幸运》,https://www.bilibili.com/video/BV1nbu16WEA6/,BV1nbu16WEA6,小鸡奇遇記,04:21,直链页面 meta description,2026-08-09::小幸运,primary,,2026-08-20T09:05:00.000Z,直链页面 title 为【小松绿Viridis/翻唱】《小幸运》，meta description 明示日期 2026.08.09 与 UP 主小鸡奇遇記。song_name 归一化为真实曲名“小幸运”。
2026-08-09,description-date,2026.08.09,心愿便利贴,title-song-name,元若蓝 / 吴忠明,single,,【小松绿Viridis/翻唱】《心愿便利贴》,https://www.bilibili.com/video/BV1dRuy61Eti/,BV1dRuy61Eti,小鸡奇遇記,,直链页面 title / meta description / 相关候选网络人工归一,2026-08-09::心愿便利贴,primary,,2026-08-20T09:10:44.524Z,直链页面 meta description 明示日期 2026.08.09，标题直接给出真实歌曲名《心愿便利贴》，可作为当日 song-cut-first 增量收录。
2026-08-09,description-date,2026年08月09日,Virtual to LIVE,manual-normalized,,single,,【小松绿Viridis】Virtual to LIVE 但是唱哭,https://www.bilibili.com/video/BV1XAu16gE7U/,BV1XAu16gE7U,キラル,06:34,b23 shortlink + 直链页面 meta description,2026-08-09::Virtual to LIVE,primary,,2026-08-20T11:20:00.000Z,通过公开短链 b23.tv/6uDzhcz 解析到 BV1XAu16gE7U；直链页面 title 为【小松绿Viridis】Virtual to LIVE 但是唱哭，meta description 明示剪辑自 2026年08月09日直播。按用户最新规则，只要明确对应歌曲即可作为 cut_link，因此将 song_name 规范为 Virtual to LIVE。
2026-08-09,description-date,2026.08.09,プロポーズ,title-song-name,,single,,【小松绿Viridis/翻唱】《プロポーズ》（Propose）,https://www.bilibili.com/video/BV19Fu16GEdc/,BV19Fu16GEdc,小鸡奇遇記,,直链页面 title / meta description + 相关候选网络人工归一,2026-08-09::プロポーズ,primary,,2026-08-20T08:56:32.700Z,直链页面 meta description 明示 2026.08.09；标题直接给出真实歌曲名，可作为当日 song-cut-first 增量收录。
2026-08-08,description-date,2026.08.08,暖暖,title-song-name,,single,,【小松绿Viridis/翻唱】《暖暖》,https://www.bilibili.com/video/BV1KVu36iE1z/,BV1KVu36iE1z,小鸡奇遇記,04:05,直链页面 meta description,2026-08-08::暖暖,primary,,2026-08-20T10:45:00.000Z,直链页面 title 为【小松绿Viridis/翻唱】《暖暖》，meta description 明示日期 2026.08.08 与 UP 主小鸡奇遇記。song_name 归一化为真实曲名“暖暖”。
2026-08-08,description-date,2026.08.08,人间应又雪,title-song-name,,single,,【小松绿Viridis/翻唱】《人间应又雪》,https://www.bilibili.com/video/BV1QAu36GEbM/,BV1QAu36GEbM,小鸡奇遇記,04:02,直链页面 meta description,2026-08-08::人间应又雪,primary,,2026-08-20T10:45:00.000Z,直链页面 title 为【小松绿Viridis/翻唱】《人间应又雪》，meta description 明示日期 2026.08.08 与 UP 主小鸡奇遇記。song_name 归一化为真实曲名“人间应又雪”。
2026-08-08,description-date,2026.08.08,迂回步,title-song-name,,single,,【小松绿Viridis/翻唱】《迂回步》,https://www.bilibili.com/video/BV1Uuu36ME6g/,BV1Uuu36ME6g,小鸡奇遇記,04:03,直链页面 meta description,2026-08-08::迂回步,primary,,2026-08-20T10:45:00.000Z,直链页面 title 为【小松绿Viridis/翻唱】《迂回步》，meta description 明示日期 2026.08.08 与 UP 主小鸡奇遇記。song_name 归一化为真实曲名“迂回步”。
2026-08-07,description-date,2026.08.07（首播）,少女レイ,title-song-name,,single,,【小松绿Viridis/翻唱】《少女レイ》,https://www.bilibili.com/video/BV1Xiu86aEwV/,BV1Xiu86aEwV,小鸡奇遇記,04:29,直链页面 meta description,2026-08-07::少女レイ,primary,,2026-08-20T10:45:00.000Z,直链页面 title 为【小松绿Viridis/翻唱】《少女レイ》，meta description 明示日期 2026.08.07（首播）与 UP 主小鸡奇遇記。song_name 归一化为真实曲名“少女レイ”。
